,Last Name,First Name,Position,State,County / Town,Vote,full name 1
0,Stevens,John,President,NJ,Hunterdon,yes,John Stevens
1,Fell,John,,NJ,Bergen,yes,John Fell
2,Zabriskie,Peter,,NJ,Bergen,yes,Peter Zabriskie
3,Hennion,Cornelius,,NJ,Bergen,yes,Cornelius Hennion
4,Chetwood,John,,NJ,Essex,yes,John Chetwood
5,Hay,Samuel,,NJ,Essex,yes,Samuel Hay
6,Crane ,David,,NJ,Essex,yes,David Crane 
7,Neilson,John,,NJ,Middlesex,yes,John Neilson
8,Beatty,John,,NJ,Middlesex,yes,John Beatty
9,Manning ,Benjamin,,NJ,Middlesex,yes,Benjamin Manning 
10,Lawrence,Elisha,,NJ,Monmouth,yes,Elisha Lawrence
11,Breese,Samuel,,NJ,Monmouth,yes,Samuel Breese
12,Crawford ,William,,NJ,Monmouth,yes,William Crawford 
13,Witherspoon,Jno,,NJ,Somerset,yes,Jno Witherspoon
14,Hardenbergh,Jacob,,NJ,Somerset,yes,Jacob Hardenbergh
15,Frelinghuysen ,Theo,,NJ,Somerset,yes,Theo Frelinghuysen 
16,Reynolds,Thomas,,NJ,Burlington,yes,Thomas Reynolds
17,Anderson,Geo,,NJ,Burlington,yes,Geo Anderson
18,Wallace ,Joshua M.,,NJ,Burlington,yes,Joshua M. Wallace 
19,Howell,R,,NJ,Gloucester,yes,R Howell
20,Hunter,And,,NJ,Gloucester,yes,And Hunter
21,Whitall ,Benjamin,,NJ,Gloucester,yes,Benjamin Whitall 
22,Cripps,Whitton,,NJ,Salem,yes,Whitton Cripps
23,Wetherby ,Edmund,,NJ,Salem,yes,Edmund Wetherby 
24,Hand,Jesse,,NJ,Cape May,yes,Jesse Hand
25,Eldredge,Jeremiah,,NJ,Cape May,yes,Jeremiah Eldredge
26,Whilldin ,Matthew,,NJ,Cape May,yes,Matthew Whilldin 
27,Brearley,David,,NJ,Hunterdon,yes,David Brearley
28,Corshon ,Joshua,,NJ,Hunterdon,yes,Joshua Corshon 
29,Windes,William,,NJ,Morris,yes,William Windes
30,Woodhull,William,,NJ,Morris,yes,William Woodhull
31,Faesch ,John Jacob,,NJ,Morris,yes,John Jacob Faesch 
32,Potter,David,,NJ,Cumberland,yes,David Potter
33,Bowen,Jonathan,,NJ,Cumberland,yes,Jonathan Bowen
34,Elmer,Eli,,NJ,Cumberland,yes,Eli Elmer
35,Ogden,Robert,,NJ,Sussex,yes,Robert Ogden
36,Anderson,Thomas,,NJ,Sussex,yes,Thomas Anderson
37,Hoops,Robert,,NJ,Sussex,yes,Robert Hoops
38,Stockton,Samuel W.,Secretary,NJ,,did not vote,Samuel W. Stockton
39,Collins,Thomas ,President,DE,,yes,Thomas  Collins
40,Ingram,John,,DE,Sussex,yes,John Ingram
41,Jones,John,,DE,Sussex,yes,John Jones
42,Moore,William,,DE,Sussex,yes,William Moore
43,Hall,William,,DE,Sussex,yes,William Hall
44,Laws,Thomas,,DE,Sussex,yes,Thomas Laws
45,Cooper,Isaac,,DE,Sussex,yes,Isaac Cooper
46,Stockly,Woodman,,DE,Sussex,yes,Woodman Stockly
47,Laws,John,,DE,Sussex,yes,John Laws
48,Evans,Thomas,,DE,Sussex,yes,Thomas Evans
49,Holland,Israel,,DE,Sussex,yes,Israel Holland
50,Ridgely,Nicholas,,DE,Kent,yes,Nicholas Ridgely
51,Smith,Richard,,DE,Kent,yes,Richard Smith
52,Truitt,George,,DE,Kent,yes,George Truitt
53,Bassett,Richard,,DE,Kent,yes,Richard Bassett
54,Sykes,James,,DE,Kent,yes,James Sykes
55,McLane,Allen,,DE,Kent,yes,Allen McLane
56,"Cummins, Sr.",Daniel,,DE,Kent,yes,"Daniel Cummins, Sr."
57,Barker,Joseph,,DE,Kent,yes,Joseph Barker
58,White,Edward,,DE,Kent,yes,Edward White
59,Manlove,George,,DE,Kent,yes,George Manlove
60,Latimer,Ja.s,President,DE,New Castle,yes,Ja.s Latimer
61,Black,James,,DE,New Castle,yes,James Black
62,James,Jn.a,,DE,New Castle,yes,Jn.a James
63,"Bedford, Sr.",Gunning,,DE,New Castle,yes,"Gunning Bedford, Sr."
64,Johns,Kensey,,DE,New Castle,yes,Kensey Johns
65,Wastson,Thomas,,DE,New Castle,yes,Thomas Wastson
66,Maxwell,Solomon,,DE,New Castle,yes,Solomon Maxwell
67,Way,Nicholas,,DE,New Castle,yes,Nicholas Way
68,Duff,Thomas,,DE,New Castle,yes,Thomas Duff
69,"Bedford, Jr.",Gunning,,DE,New Castle,yes,"Gunning Bedford, Jr."
70,Wereat,John,President,GA,Richmond,yes,John Wereat
71,Stevens,William,,GA,Chatham,yes,William Stevens
72,Habersham,Joseph,,GA,Chatham,yes,Joseph Habersham
73,Davis,Jenkin,,GA,Effingham,yes,Jenkin Davis
74,Brownson,N.,,GA,Effingham,yes,N. Brownson
75,Telfair,Edward,,GA,Burke,yes,Edward Telfair
76,Todd,H.,,GA,Burke,yes,H. Todd
77,Few,William,,GA,Richmond,yes,William Few
78,McNeil,James,,GA,Richmond,yes,James McNeil
79,Matthews,George,,GA,Wilkes,yes,George Matthews
80,Sullivan,Florence,,GA,Wilkes,yes,Florence Sullivan
81,King,John,,GA,Wilkes,yes,John King
82,Powell,James,,GA,Liberty,yes,James Powell
83,Elliot,John,,GA,Liberty,yes,John Elliot
84,Maxwell,James,,GA,Liberty,yes,James Maxwell
85,Handley,George,,GA,Glynn,yes,George Handley
86,Hillary,Christopher,,GA,Glynn,yes,Christopher Hillary
87,Milton,J.,,GA,Glynn,yes,J. Milton
88,Osborne,Henry,,GA,Camden,yes,Henry Osborne
89,Seagrove,James,,GA,Camden,yes,James Seagrove
90,Weed,Jacob,,GA,Camden,yes,Jacob Weed
91,Irwin,Jared,,GA,Washington,yes,Jared Irwin
92,Rutherford,John,,GA,Washington,yes,John Rutherford
93,Christmas,Robert,,GA,Greene,yes,Robert Christmas
94,Daniell,Thomas,,GA,Greene,yes,Thomas Daniell
95,Middleton,R.,,GA,Greene,yes,R. Middleton
96,Griswold,Matthew,President,CT,,yes,Matthew Griswold
97,Strong,Jedediah,Secretary,CT,,did not vote,Jedediah Strong
98,Wadsworth,Jeremiah,,CT,,yes,Jeremiah Wadsworth
99,Root,Jesse,,CT,,yes,Jesse Root
100,Lee,Isaac,,CT,,yes,Isaac Lee
101,Hart,Selah,,CT,,yes,Selah Hart
102,"Peck, Jun.",Zebulon,,CT,,yes,"Zebulon Peck, Jun."
103,Pitkin,Elisha,,CT,,yes,Elisha Pitkin
104,Wolcott,Erastur,,CT,,yes,Erastur Wolcott
105,Watson,John,,CT,,yes,John Watson
106,Treadwell,John,,CT,,yes,John Treadwell
107,Judd,William,,CT,,yes,William Judd
108,Minor,Nathaniel,,CT,,yes,Nathaniel Minor
109,Sturges,Jonathan,,CT,,yes,Jonathan Sturges
110,Burr,Thaddeus,,CT,,yes,Thaddeus Burr
111,Whittlesey,Elisha,,CT,,yes,Elisha Whittlesey
112,White,Joseph Moss,,CT,,yes,Joseph Moss White
113,Mead,Amos,,CT,,yes,Amos Mead
114,Fitch,Jabez,,CT,,yes,Jabez Fitch
115,Beardsley,Nehemiah,,CT,,yes,Nehemiah Beardsley
116,Potter,James,,CT,,yes,James Potter
117,Chandler,John,,CT,,yes,John Chandler
118,Burnham,Issac,,CT,,yes,Issac Burnham
119,Wilder,John,,CT,,yes,John Wilder
120,Prindle,Mark,,CT,,yes,Mark Prindle
121,Hubbel,Jedediah,,CT,,yes,Jedediah Hubbel
122,Austin,Aaron,,CT,,yes,Aaron Austin
123,Canfield,Samuel,,CT,,yes,Samuel Canfield
124,Everitt,Daniel,,CT,,yes,Daniel Everitt
125,Fitch,Hezekiah,,CT,,yes,Hezekiah Fitch
126,Porter,Joshua,,CT,,yes,Joshua Porter
127,Hinma,Benjamin,,CT,,yes,Benjamin Hinma
128,Mosely,Joseph,,CT,,yes,Joseph Mosely
129,Goodrich,Wait,,CT,,yes,Wait Goodrich
130,Curtiss,John,,CT,,yes,John Curtiss
131,Barns,Asa,,CT,,yes,Asa Barns
132,Mitchell,Stephen Mix,,CT,,yes,Stephen Mix Mitchell
133,Chester,John,,CT,,yes,John Chester
134,Ellsworth,Oliver,,CT,,yes,Oliver Ellsworth
135,Newberry,Roger,,CT,,yes,Roger Newberry
136,Sherman,Roger,,CT,,yes,Roger Sherman
137,Edwards,Pierpont,,CT,,yes,Pierpont Edwards
138,Beach,Samuel,,CT,,yes,Samuel Beach
139,Holbrook,Daniel,,CT,,yes,Daniel Holbrook
140,Holbrook,John,,CT,,yes,John Holbrook
141,Buckingham,Gideon,,CT,,yes,Gideon Buckingham
142,"Mallet, Jun.",Lewis,,CT,,yes,"Lewis Mallet, Jun."
143,Hopkins,Joseph,,CT,,yes,Joseph Hopkins
144,Welton,John,,CT,,yes,John Welton
145,Law,Richard,,CT,,yes,Richard Law
146,Learned,Amasa,,CT,,yes,Amasa Learned
147,Huntington,Samuel,,CT,,yes,Samuel Huntington
148,Huntington,Jedediah,,CT,,yes,Jedediah Huntington
149,Huntington,Isaac,,CT,,yes,Isaac Huntington
150,Robbins,Robert,,CT,,yes,Robert Robbins
151,Foot,Daniel,,CT,,yes,Daniel Foot
152,Hyde,Eli,,CT,,yes,Eli Hyde
153,Woodbridge,Joseph,,CT,,yes,Joseph Woodbridge
154,Billings,Stephen,,CT,,yes,Stephen Billings
155,Lee,Andrew,,CT,,yes,Andrew Lee
156,Noyes,William,,CT,,yes,William Noyes
157,"Raymond, Jun.",Joshua ,,CT,,yes,"Joshua  Raymond, Jun."
158,Halsey,Jeremiah,,CT,,yes,Jeremiah Halsey
159,Coit,Wheeler,,CT,,yes,Wheeler Coit
160,Phelps,Charles,,CT,,yes,Charles Phelps
161,Beach,John,,CT,,yes,John Beach
162,Rogers,Hezekiah,,CT,,yes,Hezekiah Rogers
163,Sandford,Lemuel,,CT,,yes,Lemuel Sandford
164,Heron,William,,CT,,yes,William Heron
165,Bradley,Philip Burr,,CT,,yes,Philip Burr Bradley
166,Danchy,Nathan,,CT,,yes,Nathan Danchy
167,Davenport,James,,CT,,yes,James Davenport
168,"Davenport, Jun.",John,,CT,,yes,"John Davenport, Jun."
169,Johnson,William Samuel,,CT,,yes,William Samuel Johnson
170,Mills,Elisha,,CT,,yes,Elisha Mills
171,Dyer,Eliphalet,,CT,,yes,Eliphalet Dyer
172,Elderkin,Jedediah,,CT,,yes,Jedediah Elderkin
173,Smith,Simeon,,CT,,yes,Simeon Smith
174,Dow,Hendrick,,CT,,yes,Hendrick Dow
175,Paine,Seth,,CT,,yes,Seth Paine
176,Witter,Asa,,CT,,yes,Asa Witter
177,Cleveland,Moses,,CT,,yes,Moses Cleveland
178,Howe,Samson,,CT,,yes,Samson Howe
179,Danielson,William,,CT,,yes,William Danielson
180,Williams,William,,CT,,yes,William Williams
181,Bradford,James,,CT,,yes,James Bradford
182,Dunlap,Joshua,,CT,,yes,Joshua Dunlap
183,Learned,Daniel,,CT,,yes,Daniel Learned
184,Campbell,Moses,,CT,,yes,Moses Campbell
185,Dow,Benjamin,,CT,,yes,Benjamin Dow
186,Wolcott,Oliver,,CT,,yes,Oliver Wolcott
187,Strong,Jedediah,,CT,,yes,Jedediah Strong
188,Hawley,Moses,,CT,,yes,Moses Hawley
189,Burrall,Charles,,CT,,yes,Charles Burrall
190,Hale,Nathan,,CT,,yes,Nathan Hale
191,Miles,Daniel,,CT,,yes,Daniel Miles
192,Hall,Asaph,,CT,,yes,Asaph Hall
193,Sheldon,Epaphras,,CT,,yes,Epaphras Sheldon
194,Curtiss,Eleazer,,CT,,yes,Eleazer Curtiss
195,Whittlesey,John ,,CT,,yes,John  Whittlesey
196,Brinsmade,Dan. Nath.,,CT,,yes,Dan. Nath. Brinsmade
197,Fenn,Thomas,,CT,,yes,Thomas Fenn
198,Smith,David,,CT,,yes,David Smith
199,M'Cune,Robert,,CT,,yes,Robert M'Cune
200,Sherman,Daniel,,CT,,yes,Daniel Sherman
201,Orton,Samuel,,CT,,yes,Samuel Orton
202,Miller,Asher,,CT,,yes,Asher Miller
203,Parsons,Samuel H.,,CT,,yes,Samuel H. Parsons
204,White,Ebenezer,,CT,,yes,Ebenezer White
205,Goodrich,Hezekiah,,CT,,yes,Hezekiah Goodrich
206,Throop,Dyer,,CT,,yes,Dyer Throop
207,Chapman,Jabez,,CT,,yes,Jabez Chapman
208,Higgins,Cornelius,,CT,,yes,Cornelius Higgins
209,Brainard,Hezekiah,,CT,,yes,Hezekiah Brainard
210,Morgan,Theophilus,,CT,,yes,Theophilus Morgan
211,Lane,Hezekiah,,CT,,yes,Hezekiah Lane
212,Hart,William,,CT,,yes,William Hart
213,Shipman,Samuel,,CT,,yes,Samuel Shipman
214,West,Jeremiah,,CT,,yes,Jeremiah West
215,Chapman,Samuel,,CT,,yes,Samuel Chapman
216,Warner,Ichabod,,CT,,yes,Ichabod Warner
217,Carver,Samuel,,CT,,yes,Samuel Carver
218,Ripley,Jeremiah,,CT,,yes,Jeremiah Ripley
219,Root,Ephraim,,CT,,yes,Ephraim Root
220,Phelps,John,,CT,,yes,John Phelps
221,Foot,Isaac,,CT,,yes,Isaac Foot
222,Sessions,Abijah,,CT,,yes,Abijah Sessions
223,Holt,Caleb,,CT,,yes,Caleb Holt
224,Crocker,Seth,,CT,,yes,Seth Crocker
225,Perkins,Daniel,,CT,,no,Daniel Perkins
226,Holcomb,Hezekiah,,CT,,no,Hezekiah Holcomb
227,King,Alexander,,CT,,no,Alexander King
228,Todd,David,,CT,,no,David Todd
229,Phelps,Noah,,CT,,no,Noah Phelps
230,Humphry,Daniel,,CT,,no,Daniel Humphry
231,Gold,William ,,CT,,no,William  Gold
232,Hoadly,Timothy,,CT,,no,Timothy Hoadly
233,Brooks,David,,CT,,no,David Brooks
234,Wadsworth,James,,CT,,no,James Wadsworth
235,Hall,Daniel,,CT,,no,Daniel Hall
236,Davenport,Samuel,,CT,,no,Samuel Davenport
237,Ward,Andrew,,CT,,no,Andrew Ward
238,Elliot,John,,CT,,no,John Elliot
239,Bassett,Daniel,,CT,,no,Daniel Bassett
240,Hall,Street,,CT,,no,Street Hall
241,Whiting,Samuel,,CT,,no,Samuel Whiting
242,Osborn,Samuel,,CT,,no,Samuel Osborn
243,Newton,Samuel,,CT,,no,Samuel Newton
244,Carpenter,Ephraim,,CT,,no,Ephraim Carpenter
245,Southworth,Constant,,CT,,no,Constant Southworth
246,Atwood,Nathaniel,,CT,,no,Nathaniel Atwood
247,Randall,Jonathan,,CT,,no,Jonathan Randall
248,Cotton,Simon,,CT,,no,Simon Cotton
249,Pain,Stephen,,CT,,no,Stephen Pain
250,Perrin,Timothy,,CT,,no,Timothy Perrin
251,Wilder,Joseph,,CT,,no,Joseph Wilder
252,Patterson,Matthew,,CT,,no,Matthew Patterson
253,Wilson,Abner,,CT,,no,Abner Wilson
254,Goodman,Thomas,,CT,,no,Thomas Goodman
255,Humphry,Asahel,,CT,,no,Asahel Humphry
256,Humphry,Hosea,,CT,,no,Hosea Humphry
257,Coleman,Josiah,,CT,,no,Josiah Coleman
258,Gillet,Jonathan,,CT,,no,Jonathan Gillet
259,Enos,Eliphalet,,CT,,no,Eliphalet Enos
260,Nash,Ebenezer,,CT,,no,Ebenezer Nash
261,Ingham,Daniel,,CT,,no,Daniel Ingham
262,Marvin,Elihu,,CT,,no,Elihu Marvin
263,Pomeroy,Joshua,,CT,,no,Joshua Pomeroy
264,Pease,Abiel,,CT,,no,Abiel Pease
265,Barnes,Richard,,MD,Saint Mary's County,yes,Richard Barnes
266,Chilton,Charles,,MD,Saint Mary's County,yes,Charles Chilton
267,Sewall,Nicholas Lewis,,MD,Saint Mary's County,yes,Nicholas Lewis Sewall
268,Tilghman,William,,MD,Kent County,yes,William Tilghman
269,Yates,Donaldson,,MD,Kent County,yes,Donaldson Yates
270,Perkins,Isaac,,MD,Kent County,yes,Isaac Perkins
271,Granger,William,,MD,Kent County,yes,William Granger
272,Wilkinson,Joseph,,MD,Calvert County,yes,Joseph Wilkinson
273,Grahame,Charles,,MD,Calvert County,yes,Charles Grahame
274,"Chesley, Jun.",John,,MD,Calvert County,yes,"John Chesley, Jun."
275,Smith,Walter,,MD,Calvert County,yes,Walter Smith
276,Brown,Gustavus Richard,,MD,Charles County,yes,Gustavus Richard Brown
277,Plater,George,President,MD,Saint Mary's County,yes,George Plater
278,Sulivane,Daniel,,MD,Dorchester County,yes,Daniel Sulivane
279,Shaw,James,,MD,Dorchester County,yes,James Shaw
280,Gilpin,Joseph,,MD,Cecil County,yes,Joseph Gilpin
281,Hollingsworth,Henry,,MD,Cecil County,yes,Henry Hollingsworth
282,Heron,James Gordon,,MD,Cecil County,yes,James Gordon Heron
283,Evans,Samuel,,MD,Cecil County,yes,Samuel Evans
284,Bowie,Fielder,,MD,Prince George's County,yes,Fielder Bowie
285,Sprigg,Osborn,,MD,Prince George's County,yes,Osborn Sprigg
286,Hall,Benjamin,,MD,Prince George's County,yes,Benjamin Hall
287,Digges,George,,MD,Prince George's County,yes,George Digges
288,Carroll,Nicholas,,MD,City of Annapolis,yes,Nicholas Carroll
289,Parnham,John,,MD,Charles County,yes,John Parnham
290,Turner,Zephaniah,,MD,Charles County,yes,Zephaniah Turner
291,Stone,Michael Jenifer,,MD,Charles County,yes,Michael Jenifer Stone
292,"Goldsborough, Jun.",Robert,,MD,Talbot County,yes,"Robert Goldsborough, Jun."
293,Lloyd,Edward,,MD,Talbot County,yes,Edward Lloyd
294,Stevens,John,,MD,Talbot County,yes,John Stevens
295,Gale,George,,MD,Somerset County,yes,George Gale
296,Waggaman,Henry,,MD,Somerset County,yes,Henry Waggaman
297,Stewart,John,,MD,Somerset County,yes,John Stewart
298,Gale,John,,MD,Somerset County,yes,John Gale
299,Hammond,Nicholas,,MD,Dorchester County,yes,Nicholas Hammond
300,Faw,Abraham,,MD,Frederick County,yes,Abraham Faw
301,Paca,William,,MD,Harford County,yes,William Paca
302,Richardson,William,,MD,Caroline County,yes,William Richardson
303,Richardson,Joseph,,MD,Caroline County,yes,Joseph Richardson
304,Driver,Matthew,,MD,Caroline County,yes,Matthew Driver
305,Edmondson,Peter,,MD,Caroline County,yes,Peter Edmondson
306,McHenry,James,,MD,Baltimore Town,yes,James McHenry
307,Coulter,John,,MD,Baltimore Town,yes,John Coulter
308,Hanson,Alexander Conlee,,MD,City of Annapolis,yes,Alexander Conlee Hanson
309,Tilghman,James,,MD,Queen Ann's County,yes,James Tilghman
310,Seney,John,,MD,Queen Ann's County,yes,John Seney
311,Hollyday,James,,MD,Queen Ann's County,yes,James Hollyday
312,Hemsley,William,,MD,Queen Ann's County,yes,William Hemsley
313,Chaille,Peter,,MD,Worchester County,yes,Peter Chaille
314,Martin,James,,MD,Worchester County,yes,James Martin
315,Morris,William,,MD,Worchester County,yes,William Morris
316,Done,John,,MD,Worchester County,yes,John Done
317,Johnson,Thomas,,MD,Frederick County,yes,Thomas Johnson
318,Lee,Thomas Sim,,MD,Frederick County,yes,Thomas Sim Lee
319,Potts,Richard,,MD,Frederick County,yes,Richard Potts
320,Sprigg,Thomas,,MD,Washington County,yes,Thomas Sprigg
321,Stull,John,,MD,Washington County,yes,John Stull
322,Rawlings,Moses,,MD,Washington County,yes,Moses Rawlings
323,Shryock,Henry,,MD,Washington County,yes,Henry Shryock
324,Cramphin,Thomas,,MD,Montgomery County,yes,Thomas Cramphin
325,Thomas,Richard,,MD,Montgomery County,yes,Richard Thomas
326,"Deakins, Jun.",William,,MD,Montgomery County,yes,"William Deakins, Jun."
327,Edwards,Benjamin,,MD,Montgomery County,yes,Benjamin Edwards
328,Harwood,William,Clerk,MD,,did not vote,William Harwood
329,Chase,Jeremiah Townley,,MD,Ann Arundel County,no,Jeremiah Townley Chase
330,Chase,Samuel,,MD,Ann Arundel County,no,Samuel Chase
331,Mercer,John Francis,,MD,Ann Arundel County,no,John Francis Mercer
332,Harrison,Benjamin,,MD,Ann Arundel County,no,Benjamin Harrison
333,Ridgely,Charles,,MD,Baltimore County,no,Charles Ridgely
334,Ridgely,Charles,son of William,MD,Baltimore County,no,Charles Ridgely
335,Cockey,Edward,,MD,Baltimore County,no,Edward Cockey
336,Cromwell,Nathan,,MD,Baltimore County,no,Nathan Cromwell
337,Love,John,,MD,Harford County,no,John Love
338,Pinkney,William,,MD,Harford County,no,William Pinkney
339,Martin,Luther,,MD,Harford County,no,Luther Martin
340,Goldsborough,Robert,,MD,Dorchester County,Did not vote,Robert Goldsborough
341,Curtis,Edmund,,VA,,no,Edmund Curtis
342,Parker,George,,VA,,yes,George Parker
343,Nicolas,George,,VA,,yes,George Nicolas
344,Nicolas,Wilson Cary,,VA,,yes,Wilson Cary Nicolas
345,Pride,John,,VA,,no,John Pride
346,Booker,Edmund,,VA,,no,Edmund Booker
347,Cabell,William,,VA,,no,William Cabell
348,Cabell,Samuel Jordan,,VA,,no,Samuel Jordan Cabell
349,Johnston,Zachariah,,VA,,yes,Zachariah Johnston
350,Stuart,Archibald,,VA,,yes,Archibald Stuart
351,Trigg,John,,VA,,no,John Trigg
352,Clay,Charles,,VA,,no,Charles Clay
353,Darke,William,,VA,,yes,William Darke
354,Stephen,Adam,,VA,,yes,Adam Stephen
355,Fleming,William,,VA,,yes,William Fleming
356,McFerran,Martin,,VA,,yes,Martin McFerran
357,Lee,Henry,,VA,Bourbon,no,Henry Lee
358,Conn,Notley,,VA,,Did not vote,Notley Conn
359,Jones,John,,VA,,no,John Jones
360,Jones,Binns,,VA,,no,Binns Jones
361,Patteson,Charles,,VA,,no,Charles Patteson
362,Bell,David,,VA,,no,David Bell
363,Alexander,Robert,,VA,,no,Robert Alexander
364,Winston,Edmund,,VA,,no,Edmund Winston
365,Pendleton,Edmund,Honorable,VA,,yes,Edmund Pendleton
366,Taylor,James,,VA,,yes,James Taylor
367,Read,Thomas,,VA,Charlotte,no,Thomas Read
368,Carrington,Paul,Honorable,VA,Charlotte,yes,Paul Carrington
369,Harrison V,Benjamin,,VA,Charles City,no,Benjamin Harrison V
370,"Tyler, Sr.",John,Honorable,VA,Charles City,no,"John Tyler, Sr."
371,Patteson,David,,VA,Chesterfield,yes,David Patteson
372,"Pankey, Jun.",Stephen,,VA,Chesterfield,no,"Stephen Pankey, Jun."
373,Michaux,Joseph,,VA,Cumberland,no,Joseph Michaux
374,Drew,Thomas,,VA,Cumberland,no,Thomas Drew
375,Strother,French,,VA,Culpeper,no,French Strother
376,Early,Joel,,VA,Culpeper,no,Joel Early
377,Jones,Joseph,,VA,Dinwiddie,no,Joseph Jones
378,Watkins,William,,VA,Dinwiddie,no,William Watkins
379,King,Miles,,VA,Elizabeth City,yes,Miles King
380,Westwood,Worllich,,VA,Elizabeth City,yes,Worllich Westwood
381,Upshaw,James,,VA,Essex,no,James Upshaw
382,Smith,Meriwether,,VA,Essex,no,Meriwether Smith
383,Stuart,David,,VA,Fairfax,yes,David Stuart
384,Simms,Charles,,VA,Fairfax,yes,Charles Simms
385,Marshall,Humphrey,,VA,Fayette,yes,Humphrey Marshall
386,Fowler,John,,VA,Fayette,no,John Fowler
387,Pickett,Martin,,VA,Fauquier,yes,Martin Pickett
388,Brooke,Humphrey,,VA,Fauquier,yes,Humphrey Brooke
389,Richardson,Samuel ,,VA,Fluvanna,no,Samuel  Richardson
390,Haden,Joseph,,VA,Fluvanna,no,Joseph Haden
391,Woodcock,John Sheaman,,VA,Frederick,yes,John Sheaman Woodcock
392,White,Alexander,,VA,Frederick,yes,Alexander White
393,Early,John,,VA,Franklin,no,John Early
394,Arthur,Thomas,,VA,Franklin,no,Thomas Arthur
395,Lewis,Warner,,VA,Gloucester,yes,Warner Lewis
396,Smith,Thomas,,VA,Gloucester,yes,Thomas Smith
397,Guerrant,John,,VA,Goochland,no,John Guerrant
398,Sampson,William,,VA,Goochland,no,William Sampson
399,Clendenin,George,,VA,Greenbrier,yes,George Clendenin
400,Stuart,John,,VA,Greenbrier,yes,John Stuart
401,Mason,William,,VA,Greensville,yes,William Mason
402,Fisher,Daniel,,VA,Greensville,yes,Daniel Fisher
403,Coles,Isaac,,VA,Halifax,no,Isaac Coles
404,Carrington,George,,VA,Halifax,no,George Carrington
405,Woodrow,Andrew,,VA,Hampshire,yes,Andrew Woodrow
406,Humphreys,Ralph,,VA,Hampshire,yes,Ralph Humphreys
407,Goodall,Parke,,VA,Hanover,no,Parke Goodall
408,Littlepage,John Carter,,VA,Hanover,no,John Carter Littlepage
409,Vanmeter,Isaac,,VA,Hardy,yes,Isaac Vanmeter
410,Seymour,Abel,,VA,Hardy,yes,Abel Seymour
411,Jackson,George,,VA,Harrison,yes,George Jackson
412,Prunty,John,,VA,Harrison,yes,John Prunty
413,Randolph,Edmund,Governor,VA,Henrico,yes,Edmund Randolph
414,Marshall,John,,VA,Henrico,yes,John Marshall
415,Cooper,Thomas,,VA,Henry,no,Thomas Cooper
416,Marr,John,,VA,Henry,no,John Marr
417,Pierce,Thomas,,VA,Isle of Wight,did not vote,Thomas Pierce
418,Johnson,James,,VA,Isle of Wight,yes,James Johnson
419,Burwell,Nathaniel,,VA,James City,yes,Nathaniel Burwell
420,Andrews,Robert,,VA,James City,yes,Robert Andrews
421,Breckenridge,Robert,,VA,Jefferson,yes,Robert Breckenridge
422,Bullock,Rice,,VA,Jefferson,yes,Rice Bullock
423,Fleet,William,,VA,King and Queen,yes,William Fleet
424,Roane,John,,VA,King and Queen,did not vote,John Roane
425,Ashton,Burdet,,VA,King George,yes,Burdet Ashton
426,Thornton,William,,VA,King George,yes,William Thornton
427,Richeson,Holt,,VA,King William,no,Holt Richeson
428,Temple,Benjamin,,VA,King William,no,Benjamin Temple
429,Gordon,James,,VA,Lancaster,yes,James Gordon
430,Towles,Henry,,VA,Lancaster,yes,Henry Towles
431,Mason,Stevens Thomson,,VA,Loudoun,no,Stevens Thomson Mason
432,Powell,Levin,,VA,Loudoun,yes,Levin Powell
433,Callis,William Overton,,VA,Louisa,yes,William Overton Callis
434,White,William,,VA,Louisa,no,William White
435,Patteson,Jonathan,,VA,Lunenberg,no,Jonathan Patteson
436,Robertson,Christopher,,VA,Lunenberg,no,Christopher Robertson
437,Logan,John,,VA,Lincoln,no,John Logan
438,Pawling,Pawling,,VA,Lincoln,no,Pawling Pawling
439,Miller,John,,VA,Madison,no,John Miller
440,Clay,Green,,VA,Madison,no,Green Clay
441,"Hopkins, Jun.",Samuel,,VA,Mecklenberg,no,"Samuel Hopkins, Jun."
442,Kennon,Richard,,VA,Mecklenberg,no,Richard Kennon
443,Allen,Thomas,,VA,Mercer,no,Thomas Allen
444,Robertson,Alexander,,VA,Mercer,no,Alexander Robertson
445,"Wormley, Jr. ",Ralph,,VA,Middlesex,yes,"Ralph Wormley, Jr. "
446,Corbin,Francis,,VA,Middlesex,yes,Francis Corbin
447,Evans,John,,VA,Monongalia,no,John Evans
448,McClerry,William,,VA,Monongalia,yes,William McClerry
449,Crockett,Walter,,VA,Montgomery,no,Walter Crockett
450,Trigg,Abraham,,VA,Montgomery,no,Abraham Trigg
451,Riddick,Willis,,VA,Nansemond,yes,Willis Riddick
452,Shepherd,Solomon,,VA,Nansemond,yes,Solomon Shepherd
453,Clayton,William,,VA,New Kent,yes,William Clayton
454,Bassett,Burwell,,VA,New Kent,yes,Burwell Bassett
455,Walton,Matthew,,VA,Nelson,no,Matthew Walton
456,Steele,John,,VA,Nelson,no,John Steele
457,Webb,James,,VA,Norfolk,yes,James Webb
458,Taylor,James,,VA,Norfolk,yes,James Taylor
459,Stringer,John,,VA,Northhampton,yes,John Stringer
460,Eyre,Littleton,,VA,Northhampton,yes,Littleton Eyre
461,Jones,Walter,,VA,Northumberland,yes,Walter Jones
462,Gaskins,Thomas,,VA,Northumberland,yes,Thomas Gaskins
463,Woods,Archibald,,VA,Ohio,yes,Archibald Woods
464,Zane,Ebenezer,,VA,Ohio,yes,Ebenezer Zane
465,"Madison, Jun.",James,,VA,Orange,yes,"James Madison, Jun."
466,Gordon,James,,VA,Orange,yes,James Gordon
467,Williams,Robert,,VA,Pittsylvania,no,Robert Williams
468,Wilson,John,,VA,Pittsylvania,no,John Wilson
469,Ronald,William Ronald,,VA,Powhatan,yes,William Ronald Ronald
470,"Turpin, Jun.",Thomas,,VA,Powhatan,no,"Thomas Turpin, Jun."
471,Henry,Patrick,,VA,Prince Edward,no,Patrick Henry
472,Lawson,Robert,,VA,Prince Edward,no,Robert Lawson
473,Bland,Theodorick,,VA,Prince George,no,Theodorick Bland
474,Ruffin,Edmund,,VA,Prince George,no,Edmund Ruffin
475,Grayson,William,,VA,Prince William,no,William Grayson
476,Bullitt,Cuthbert,,VA,Prince William,no,Cuthbert Bullitt
477,Walke,Anthony,,VA,Princess Anne,yes,Anthony Walke
478,Walke,Thomas,,VA,Princess Anne,yes,Thomas Walke
479,Wilson,Benjamin,,VA,Randolph,yes,Benjamin Wilson
480,Wilson,John,,VA,Randolph,yes,John Wilson
481,Tomlin,Walker,,VA,Richmond,yes,Walker Tomlin
482,Peachy,William,,VA,Richmond,yes,William Peachy
483,McKee,William,,VA,Rockbridge,yes,William McKee
484,Moore,Andrew,,VA,Rockbridge,yes,Andrew Moore
485,Lewis,Thomas,,VA,Rockingham,yes,Thomas Lewis
486,Jones,Gabriel,,VA,Rockingham,yes,Gabriel Jones
487,Carter,Thomas,,VA,Russell,No,Thomas Carter
488,Dickenson,Henry,,VA,Russell,No,Henry Dickenson
489,Rinker,Jacob,,VA,Shenandoah,yes,Jacob Rinker
490,Williams,John,,VA,Shenandoah,yes,John Williams
491,Blout,Benjamin,,VA,Southhampton,yes,Benjamin Blout
492,Killo,Samuel,,VA,Southhampton,yes,Samuel Killo
493,Monroe,James,,VA,Spotsylvania,no,James Monroe
494,Dawson,John,,VA,Spotsylvania,no,John Dawson
495,Mason,George,,VA,Stafford,no,George Mason
496,Buchanan,Andrew,,VA,Stafford,no,Andrew Buchanan
497,Cocke,John Hartwell,,VA,Surry,yes,John Hartwell Cocke
498,Allen,John ,,VA,Surry,yes,John  Allen
499,Briggs,John Howell,,VA,Sussex,no,John Howell Briggs
500,Edmunds,Thomas,,VA,Sussex,no,Thomas Edmunds
501,Digges,Cole,,VA,Warwick,yes,Cole Digges
502,Cary,Richard,Honorable,VA,Warwick,no,Richard Cary
503,Edmison,Samuel,,VA,Washington,no,Samuel Edmison
504,Montgomery,James,,VA,Washington,no,James Montgomery
505,Lee III,Henry,,VA,Westmoreland,yes,Henry Lee III
506,Washington,Bushrod,,VA,Westmoreland,yes,Bushrod Washington
507,"Blair, Jun.",John,,VA,York,yes,"John Blair, Jun."
508,Wythe,George,,VA,York,yes,George Wythe
509,Innes,James,,VA,Williamsburg,yes,James Innes
510,Matthews,Thomas,,VA,Norfolk Borough,yes,Thomas Matthews
511,"Lansing, Jun. ",John,,NY,Albany,no,"John Lansing, Jun. "
512,Oothoudt,Henry,,NY,Albany,no,Henry Oothoudt
513,Swart,Dirck,,NY,Albany,did not vote,Dirck Swart
514,Ten Eyck,Anthony,,NY,Albany,did not vote,Anthony Ten Eyck
515,Thompson,Israel,,NY,Albany,no,Israel Thompson
516,Vrooman,Peter,,NY,Albany,did not vote,Peter Vrooman
517,Yates,Robert,,NY,Albany,no,Robert Yates
518,Adgate,Matthew,,NY,Columbia,no,Matthew Adgate
519,Bay,John,,NY,Columbia,no,John Bay
520,Van Ness,Peter,,NY,Columbia,no,Peter Van Ness
521,Akin,Jonathan,,NY,Dutchess,no,Jonathan Akin
522,DeWitt,John,,NY,Dutchess,yes,John DeWitt
523,Livingston,Gilbert,,NY,Dutchess,yes,Gilbert Livingston
524,Platt,Zephaniah,,NY,Dutchess,yes,Zephaniah Platt
525,Smith,Melancton,,NY,Dutchess,yes,Melancton Smith
526,Swartwout,Jacobus,,NY,Dutchess,no,Jacobus Swartwout
527,Thompson,Ezra,,NY,Dutchess,did not vote,Ezra Thompson
528,Lefferts,Peter,,NY,Kings,yes,Peter Lefferts
529,Vandevoort,Peter,,NY,Kings,yes,Peter Vandevoort
530,Frey,John,,NY,Montgomery,no,John Frey
531,Harper,William,,NY,Montgomery,no,William Harper
532,Stauring,Henry,,NY,Montgomery,no,Henry Stauring
533,Veeder,Volkert,,NY,Montgomery,no,Volkert Veeder
534,Winn,John,,NY,Montgomery,no,John Winn
535,Yates,Christopher P. ,,NY,Montgomery,did not vote,Christopher P.  Yates
536,Duane,James,,NY,New York,yes,James Duane
537,Hamilton,Alexander,,NY,New York,yes,Alexander Hamilton
538,Harison,Richard,,NY,New York,yes,Richard Harison
539,Hobart,John Sloss,,NY,New York,yes,John Sloss Hobart
540,Jay,John,,NY,New York,yes,John Jay
541,Livingston,Robert R.,,NY,New York,yes,Robert R. Livingston
542,Low,Nicholas,,NY,New York,yes,Nicholas Low
543,Morris,Richard,,NY,New York,did not vote,Richard Morris
544,Roosevelt,Isaac,,NY,New York,yes,Isaac Roosevelt
545,Haring,John,,NY,Orange,no,John Haring
546,Wisner,Henry,,NY,Orange,no,Henry Wisner
547,Wood,John,,NY,Orange,no,John Wood
548,Woodhull,Jesse,,NY,Orange,yes,Jesse Woodhull
549,Carman,Stephen,,NY,Queens,yes,Stephen Carman
550,Jones,Samuel,,NY,Queens,yes,Samuel Jones
551,Lawrence,Nathaniel,,NY,Queens,yes,Nathaniel Lawrence
552,Schenck,John,,NY,Queens,yes,John Schenck
553,Bancker,Abraham,,NY,Richmond,yes,Abraham Bancker
554,Ryerss,Gozen,,NY,Richmond,yes,Gozen Ryerss
555,Havens,Jonathan Nicoll,,NY,Suffolk,yes,Jonathan Nicoll Havens
556,Hedges,David,,NY,Suffolk,did not vote,David Hedges
557,Scudder,Henry,,NY,Suffolk,yes,Henry Scudder
558,Smith,John,,NY,Suffolk,yes,John Smith
559,Tredwell,Thomas,,NY,Suffolk,no,Thomas Tredwell
560,Cantine,John,,NY,Ulster,no,John Cantine
561,Clark,Ebenezer,,NY,Ulster,no,Ebenezer Clark
562,Clinton,George,,NY,Ulster,did not vote,George Clinton
563,Clinton,James,,NY,Ulster,no,James Clinton
564,Schoonmaker,Cornelius C.,,NY,Ulster,no,Cornelius C. Schoonmaker
565,Wynkoop,Dirck,,NY,Ulster,no,Dirck Wynkoop
566,Baker,Albert,,NY,Washington and Clinton,no,Albert Baker
567,Hopkins,David,,NY,Washington and Clinton,no,David Hopkins
568,Parker,Ichabod,,NY,Washington and Clinton,no,Ichabod Parker
569,Williams,John,,NY,Washington and Clinton,no,John Williams
570,Crane,Thaddeus,,NY,Westchester,yes,Thaddeus Crane
571,Hatfield,Richard,,NY,Westchester,yes,Richard Hatfield
572,Livingston,Philip,,NY,Westchester,yes,Philip Livingston
573,Morris,Lewis,,NY,Westchester,yes,Lewis Morris
574,Sarls,Lott W.,,NY,Westchester,yes,Lott W. Sarls
575,Van Cortlandt,Philip,,NY,Westchester,yes,Philip Van Cortlandt
576,Muhlenberg,Frederick A.,President,PA,,yes,Frederick A. Muhlenberg
577,Latimer,George,,PA,,yes,George Latimer
578,Rush,Benjamin,,PA,,yes,Benjamin Rush
579,Baker,Hilary,,PA,,yes,Hilary Baker
580,Wilson,James,,PA,,yes,James Wilson
581,M'Kean,Thomas,,PA,,yes,Thomas M'Kean
582,Macpherson,To.,,PA,,yes,To. Macpherson
583,Hunn,John,,PA,,yes,John Hunn
584,Gray,George,,PA,,yes,George Gray
585,Ashmead,Samuel,,PA,,yes,Samuel Ashmead
586,Edwards,Enoch,,PA,,yes,Enoch Edwards
587,Wynkoop,Henry,,PA,,yes,Henry Wynkoop
588,Barclay,John,,PA,,yes,John Barclay
589,Yardley,Thomas,,PA,,yes,Thomas Yardley
590,Stout,Abraham,,PA,,yes,Abraham Stout
591,Bull,Thomas,,PA,,yes,Thomas Bull
592,Wayne,Anthony,,PA,,yes,Anthony Wayne
593,Gibbons,William,,PA,,yes,William Gibbons
594,Downing,Richard,,PA,,yes,Richard Downing
595,Cheney,Thomas,,PA,,yes,Thomas Cheney
596,Hannum,John,,PA,,yes,John Hannum
597,Chambers,Stephen,,PA,,yes,Stephen Chambers
598,Coleman,Robert,,PA,,yes,Robert Coleman
599,Graff,Sebastian,,PA,,yes,Sebastian Graff
600,Hubley,John,,PA,,yes,John Hubley
601,Yeates,Jasper,,PA,,yes,Jasper Yeates
602,Slagle,Henry,,PA,,yes,Henry Slagle
603,Campbell,Thomas,,PA,,yes,Thomas Campbell
604,Hartley,Thomas,,PA,,yes,Thomas Hartley
605,Grier,David,,PA,,yes,David Grier
606,Black,John,,PA,,yes,John Black
607,Pedan,Benjamin,,PA,,yes,Benjamin Pedan
608,Arndt,John,,PA,,yes,John Arndt
609,Balliott,Stephen,,PA,,yes,Stephen Balliott
610,Horsefield,Joseph,,PA,,yes,Joseph Horsefield
611,Deshler,David,,PA,,yes,David Deshler
612,Wilson,William,,PA,,yes,William Wilson
613,Boyd,John,,PA,,yes,John Boyd
614,Scott,Thomas,,PA,,yes,Thomas Scott
615,Nevill,John,,PA,,yes,John Nevill
616,Roberts,Jonathan,,PA,,yes,Jonathan Roberts
617,Richards,John,,PA,,yes,John Richards
618,Morris,James,,PA,,yes,James Morris
619,Pickering,Timothy,,PA,,yes,Timothy Pickering
620,Elliott,Benjamin,,PA,,yes,Benjamin Elliott
621,Allison,John,,PA,,yes,John Allison
622,Campbell,James,Secretary,PA,,did not vote,James Campbell
623,Whitehill,John,,PA,,no,John Whitehill
624,Harris,John,,PA,,no,John Harris
625,Reynolds,John,,PA,,no,John Reynolds
626,Whitehill,Robert,,PA,,no,Robert Whitehill
627,Hoge,Jonathan,,PA,,no,Jonathan Hoge
628,Lutz,Nicholas,,PA,,no,Nicholas Lutz
629,Ludwig,John,,PA,,no,John Ludwig
630,Lincoln,Abraham,,PA,,no,Abraham Lincoln
631,Bishop,John,,PA,,no,John Bishop
632,Heister,Joseph,,PA,,no,Joseph Heister
633,Martin,James,,PA,,no,James Martin
634,Powell,Joseph,,PA,,no,Joseph Powell
635,Findley,William ,,PA,,no,William  Findley
636,Baird,John,,PA,,no,John Baird
637,Todd,William,,PA,,no,William Todd
638,Marshall,James,,PA,,no,James Marshall
639,Edgar,James,,PA,,no,James Edgar
640,Breading,Nicholas,,PA,,no,Nicholas Breading
641,Smilie,John,,PA,,no,John Smilie
642,Bard,Richardson,,PA,,no,Richardson Bard
643,Brown,William,,PA,,no,William Brown
644,Orth,Adam,,PA,,no,Adam Orth
645,Hanna,John Andre,,PA,,no,John Andre Hanna
646,Hancock,John,,MA,Boston,yes,John Hancock
647,Bowdoin,James,,MA,Boston,yes,James Bowdoin
648,Adams,Samuel,,MA,Boston,yes,Samuel Adams
649,Phillips,William,,MA,Boston,yes,William Phillips
650,Davis,Caleb,,MA,Boston,yes,Caleb Davis
651,Jarvis,Charles,,MA,Boston,yes,Charles Jarvis
652,Jones,John Coffin,,MA,Boston,yes,John Coffin Jones
653,Winthrop,John,,MA,Boston,yes,John Winthrop
654,Dawes,Thomas,,MA,Boston,yes,Thomas Dawes
655,Stillman,Samuel,,MA,Boston,yes,Samuel Stillman
656,Russel,Thomas,,MA,Boston,yes,Thomas Russel
657,Gore,Christopher,,MA,Boston,yes,Christopher Gore
658,Heath,William,,MA,Roxbury,yes,William Heath
659,Sumner,Increase,,MA,Roxbury,yes,Increase Sumner
660,Bowdoin,James,,MA,Dorchester,yes,James Bowdoin
661,Wales,Ebenezer,,MA,Dorchester,yes,Ebenezer Wales
662,Robbins,Nathaniel,,MA,Milton,yes,Nathaniel Robbins
663,Tufts,Cotton,,MA,Weymouth,yes,Cotton Tufts
664,Lincoln,Benjamin,,MA,Hingham,yes,Benjamin Lincoln
665,Shute,Daniel,,MA,Hingham,yes,Daniel Shute
666,Cranch,Richard,,MA,Braintree,yes,Richard Cranch
667,Wibird,Anthony,,MA,Braintree,yes,Anthony Wibird
668,Jackson,Joseph,,MA,Brookline,yes,Joseph Jackson
669,Thacher,Thomas,,MA,Dedham,yes,Thomas Thacher
670,Ames,Fisher,,MA,Dedham,yes,Fisher Ames
671,M'Intosh,William,,MA,Needham,yes,William M'Intosh
672,Baxter,John,,MA,Medfield,yes,John Baxter
673,Dunbar,Elijah,,MA,Stoughton,yes,Elijah Dunbar
674,Southworth,Jedediah,,MA,Stoughton,no,Jedediah Southworth
675,Man,Thomas,,MA,Wrentham,yes,Thomas Man
676,Comstock,Nathan,,MA,Wrentham,yes,Nathan Comstock
677,Payson,George,,MA,Walpole,yes,George Payson
678,Randall,Benjamin,,MA,Sharon,no,Benjamin Randall
679,Fisher,J.,,MA,Franklin,yes,J. Fisher
680,Richardson,M.,,MA,Medway,no,M. Richardson
681,Alden,Noah,,MA,Bellingham,no,Noah Alden
682,Payson,Phillips,,MA,Chelsea,yes,Phillips Payson
683,Warren,Ebenezer,,MA,Foxboro,yes,Ebenezer Warren
684,Jones,Thomas,,MA,Hull,yes,Thomas Jones
685,Manning,Richard,,MA,Salem,yes,Richard Manning
686,Pulling,Edward,,MA,Salem,yes,Edward Pulling
687,Gray Jun.,William,,MA,Salem,yes,William Gray Jun.
688,Cabot,Francis,,MA,Salem,yes,Francis Cabot
689,Hutchinson,Is.,,MA,Danvers,no,Is. Hutchinson
690,Dalton,Tristam,,MA,Newbury,yes,Tristam Dalton
691,Sawyer,Enos,,MA,Newbury,yes,Enos Sawyer
692,March,E.,,MA,Newbury,yes,E. March
693,King,Rufus,,MA,Newburyport,yes,Rufus King
694,Greenleaf,Benjamin,,MA,Newburyport,yes,Benjamin Greenleaf
695,Parsons,Theophilus,,MA,Newburyport,yes,Theophilus Parsons
696,Titcomb,Jonathan,,MA,Newburyport,yes,Jonathan Titcomb
697,Cabot,G.,,MA,Beverly,yes,G. Cabot
698,Wood,Joseph,,MA,Beverly,yes,Joseph Wood
699,Thorndike,Israel,,MA,Beverly,yes,Israel Thorndike
700,Farley,Michael,,MA,Ipswich,yes,Michael Farley
701,Choate,J.,,MA,Ipswich,yes,J. Choate
702,Noyes,Daniel,,MA,Ipswich,yes,Daniel Noyes
703,Cogswell,Jonathan,,MA,Ipswich,yes,Jonathan Cogswell
704,Mansfield,Isaac,,MA,Marblehead,yes,Isaac Mansfield
705,Glover,J.,,MA,Marblehead,yes,J. Glover
706,Orne,Azor,,MA,Marblehead,yes,Azor Orne
707,Glover,John,,MA,Marblehead,yes,John Glover
708,Rodgers,Daniel,,MA,Gloucester,yes,Daniel Rodgers
709,Low,John,,MA,Gloucester,yes,John Low
710,Pearson,W.,,MA,Gloucester,yes,W. Pearson
711,Carnes,J.,,MA,Lynn and Lynnfield,yes,J. Carnes
712,Burnham,John,,MA,Lynn and Lynnfield,yes,John Burnham
713,Osgood,Peter,,MA,Andover,no,Peter Osgood
714,Kittridge,Thomas,,MA,Andover,no,Thomas Kittridge
715,Symmes,William,,MA,Andover,yes,William Symmes
716,Mighill,Thomas,,MA,Rowley,no,Thomas Mighill
717,Bartlett,Bailey,,MA,Haverhill,yes,Bailey Bartlett
718,Marsh,Nathaniel,,MA,Haverhill,yes,Nathaniel Marsh
719,Clark,Israel,,MA,Topsfield,yes,Israel Clark
720,Nyre,Samuel,,MA,Salisbury,yes,Samuel Nyre
721,Jackman,Enoch,,MA,Salisbury,yes,Enoch Jackman
722,Lurvey,Benjamin,,MA,Amesbury,yes,Benjamin Lurvey
723,Patten,Willis,,MA,Amesbury,yes,Willis Patten
724,Wood,Aaron,,MA,Boxford,no,Aaron Wood
725,Thruston,Daniel,,MA,Bradford,yes,Daniel Thruston
726,Carlton,E.,,MA,Methuen,no,E. Carlton
727,Herrick,Jacob,,MA,Wenham,yes,Jacob Herrick
728,Miller,Simeon,,MA,Manchester,yes,Simeon Miller
729,Dana,Francis,,MA,Cambridge,yes,Francis Dana
730,Dana,Stephen,,MA,Cambridge,yes,Stephen Dana
731,Gorham,N.,,MA,Charlestown,yes,N. Gorham
732,Spring,Marshal,,MA,Watertown,no,Marshal Spring
733,Winn,Timothy,,MA,Woburn,no,Timothy Winn
734,Hosmer,Joseph,,MA,Concord,yes,Joseph Hosmer
735,Fuller,A.,,MA,Newtown,yes,A. Fuller
736,Flint,William,,MA,Reading,no,William Flint
737,Emerson,Peter,,MA,Reading,no,Peter Emerson
738,Morse,Jonas,,MA,Marlborough,no,Jonas Morse
739,Sawin,Benjamin,,MA,Marlborough,no,Benjamin Sawin
740,Thompson,William,,MA,Billerica,no,William Thompson
741,Buckminster,L.,,MA,Framingham,yes,L. Buckminster
742,Browne,Benjamin,,MA,Lerington,yes,Benjamin Browne
743,Minot,John,,MA,Chelmsford,no,John Minot
744,Whitney,Daniel,,MA,Sherburne,yes,Daniel Whitney
745,Wheeler,Asahel,,MA,Sudbury,yes,Asahel Wheeler
746,Blaney,Benjamin,,MA,Malden,yes,Benjamin Blaney
747,Bigelow,Abraham,,MA,Weston,yes,Abraham Bigelow
748,Brooks,John,,MA,Medford,yes,John Brooks
749,Dench,Gilbert,,MA,Hopkinton,yes,Gilbert Dench
750,Keep,Jonathan,,MA,Westford,no,Jonathan Keep
751,Whitman,Charles,,MA,Stow,yes,Charles Whitman
752,Morse,Benjamin,,MA,Groton,no,Benjamin Morse
753,Sheple,Joseph,,MA,Groton,no,Joseph Sheple
754,Sawtell,Obadiah,,MA,Shirley,no,Obadiah Sawtell
755,Fisk,Daniel,,MA,Pepperell,no,Daniel Fisk
756,Williams,Leonard,,MA,Waltham,yes,Leonard Williams
757,Adams,Daniel,,MA,Townsend,no,Daniel Adams
758,Varnum,Joseph B.,,MA,Dracut,yes,Joseph B. Varnum
759,Webber,John,,MA,Bedford,no,John Webber
760,Chamberlain,St.,,MA,Holliston,no,St. Chamberlain
761,Parlin,A.,,MA,Acton and Carlisle,no,A. Parlin
762,Pitts,J.,,MA,Dunstable,yes,J. Pitts
763,Brooks,E.,,MA,Lincoln,yes,E. Brooks
764,Harnden,J.,,MA,Wilmington,no,J. Harnden
765,Scarlet,Newman,,MA,Tewksbury,no,Newman Scarlet
766,Reed,Samuel,,MA,Littleton,no,Samuel Reed
767,Adams,Benjamin,,MA,Ashby,no,Benjamin Adams
768,Broad,Hezekiah,,MA,Natick,no,Hezekiah Broad
769,Green,Jonathan,,MA,Stoneham,no,Jonathan Green
770,Gleason,Phi.,,MA,East Sudbury,no,Phi. Gleason
771,Pynchon,William,,MA,Springfield,yes,William Pynchon
772,Ely,Benjamin,,MA,West Springfield,no,Benjamin Ely
773,Williston,John,,MA,West Springfield,no,John Williston
774,Stebbins,Phin.,,MA,Wilbraham,no,Phin. Stebbins
775,Strong,Caleb,,MA,Northampton and Easthampton,yes,Caleb Strong
776,Sheldon,Benjamin,,MA,Northampton and Easthampton,yes,Benjamin Sheldon
777,Pomeroy,L.,,MA,Southampton,yes,L. Pomeroy
778,Porter,Elisha,,MA,Hadley,yes,Elisha Porter
779,Goodman,N.,,MA,South Hadley,yes,N. Goodman
780,Cooly,Daniel,,MA,Amherst,no,Daniel Cooly
781,Eastman,Benjamin,,MA,Granby,no,Benjamin Eastman
782,Hastings,J.,,MA,Hatfield,yes,J. Hastings
783,Allis,Josiah,,MA,Whately,no,Josiah Allis
784,Bodman,W.,,MA,Williamsburg,no,W. Bodman
785,Ingersoll,John,,MA,Westfield,yes,John Ingersoll
786,Field,Samuel,,MA,Deerfield,no,Samuel Field
787,Bascum,Moses,,MA,Greenfield,no,Moses Bascum
788,Wilson,Robert,,MA,Shelburne,no,Robert Wilson
789,Arms,Consider,,MA,Conway,no,Consider Arms
790,Maynard,Malachi,,MA,Conway,no,Malachi Maynard
791,Crocker,Z.,,MA,Sunderland,no,Z. Crocker
792,Severance,M.,,MA,Montague,no,M. Severance
793,James,Ebenezer,,MA,Northfield,yes,Ebenezer James
794,Morgan,Abner,,MA,Brimfield,yes,Abner Morgan
795,Fisk,A.,,MA,South Brimfield,no,A. Fisk
796,Merrick,Phineas,,MA,Monson,no,Phineas Merrick
797,Clark,Adam,,MA,Pelham,no,Adam Clark
798,Whitcomb,N.,,MA,Greenwich,no,N. Whitcomb
799,Blair,Timothy,,MA,Blandford,no,Timothy Blair
800,Merrick,Aaron,,MA,Palmer,no,Aaron Merrick
801,Hamilton,John,,MA,Granville,no,John Hamilton
802,Cooley,Clark,,MA,Granville,no,Clark Cooley
803,Chamberlin,J.,,MA,New Salem,no,J. Chamberlin
804,Dwight,Justus,,MA,Belchertown,no,Justus Dwight
805,Eddy,Samuel,,MA,Coleraine,no,Samuel Eddy
806,Pepper,Isaac,,MA,Ware,no,Isaac Pepper
807,Goldsborough,John,,MA,Warwick and Orange,no,John Goldsborough
808,Shepard,David,,MA,Chester,yes,David Shepard
809,Reed,Jesse,,MA,Charlemont,yes,Jesse Reed
810,Williams,Ephraim,,MA,Ashfield,no,Ephraim Williams
811,Eager,Nahum,,MA,Worthington,yes,Nahum Eager
812,Powers,Asa,,MA,Shutesbury,no,Asa Powers
813,Bonney,Benj.,,MA,Chesterfield,yes,Benj. Bonney
814,Fowler,Silas,,MA,Southwick,no,Silas Fowler
815,Doglass,T.J.,,MA,Northwick,yes,T.J. Doglass
816,Jennings,John,,MA,Ludlow,no,John Jennings
817,Hubbard,Jonathan,,MA,Leverett,no,Jonathan Hubbard
818,Fisher,A.,,MA,West Hampton,yes,A. Fisher
819,Lazell,Edmund,,MA,Cunningham and Plainfield,yes,Edmund Lazell
820,Maxwell,T.,,MA,Buckland,yes,T. Maxwell
821,Colton,E.,,MA,Long Meadows,yes,E. Colton
822,Thomas,Joshua,,MA,Plymouth,yes,Joshua Thomas
823,Davis,Thomas,,MA,Plymouth,yes,Thomas Davis
824,Davis,John,,MA,Plymouth,yes,John Davis
825,Cushing,William,,MA,Scituate,yes,William Cushing
826,Cushing,Nathan,,MA,Scituate,yes,Nathan Cushing
827,Turner,Charles,,MA,Scituate,yes,Charles Turner
828,Shaw,William,,MA,Marshfield,yes,William Shaw
829,Howard,D.,,MA,Bridgewater,yes,D. Howard
830,Hooper,Hezekiah,,MA,Bridgewater,yes,Hezekiah Hooper
831,Mitchell,Elisha,,MA,Bridgewater,yes,Elisha Mitchell
832,Howard,Daniel,,MA,Bridgewater,yes,Daniel Howard
833,Backus,Isaac,,MA,Middleboro,yes,Isaac Backus
834,Thomas,Benjamin,,MA,Middleboro,no,Benjamin Thomas
835,Thompson,Isaac,,MA,Middleboro,yes,Isaac Thompson
836,Soule,Isaac,,MA,Middleboro,no,Isaac Soule
837,Partridge,G.,,MA,Duxbury,yes,G. Partridge
838,Hammond,N.,,MA,Rochester,no,N. Hammond
839,Holmes,Abraham,,MA,Rochester,no,Abraham Holmes
840,Shurtliff,F.,,MA,Plympton,no,F. Shurtliff
841,Bisbee,Elisha,,MA,Plympton,no,Elisha Bisbee
842,Turner,John,,MA,Pembroke,yes,John Turner
843,Smith,Josiah,,MA,Pembroke,yes,Josiah Smith
844,Sever,W.,,MA,Kingston,yes,W. Sever
845,Cushing,Joseph,,MA,Hanover,yes,Joseph Cushing
846,Niles,Samuel,,MA,Abington,yes,Samuel Niles
847,Waterman,F.,,MA,Halifax,yes,F. Waterman
848,Fearing,Israel,,MA,Wareham,yes,Israel Fearing
849,Browne,Shear.,,MA,Barnstable,yes,Shear. Browne
850,Smith,Thomas,,MA,Sandwich,no,Thomas Smith
851,Nye,Thomas,,MA,Sandwich,no,Thomas Nye
852,Thatcher,D.,,MA,Yarmouth,yes,D. Thatcher
853,Howes,Jonathan,,MA,Yarmouth,yes,Jonathan Howes
854,Freeman,Solomon,,MA,Harwich,yes,Solomon Freeman
855,Clark,Kimball,,MA,Harwich,yes,Kimball Clark
856,Whitman,Levi,,MA,Wellfleet,yes,Levi Whitman
857,Palmer,Joseph,,MA,Falmouth,yes,Joseph Palmer
858,Williams,James,,MA,Taunton,no,James Williams
859,Leonard,Nathaniel,,MA,Taunton,yes,Nathaniel Leonard
860,Pratt,Aaron,,MA,Taunton,no,Aaron Pratt
861,Bishop,Phan.,,MA,Rehoboth,no,Phan. Bishop
862,Brown,Frederick,,MA,Rehoboth,no,Frederick Brown
863,Windsor,William,,MA,Rehoboth,no,William Windsor
864,Mason,Christopher,,MA,Swansey,no,Christopher Mason
865,Brown,David,,MA,Swansey,no,David Brown
866,Slocum,Hol'r,,MA,Dartmouth,no,Hol'r Slocum
867,Hathaway,Melatiah,,MA,Dartmouth,no,Melatiah Hathaway
868,White,Abraham,,MA,Norton,no,Abraham White
869,May,Elisha,,MA,Attleboro,yes,Elisha May
870,Wilmarth,Moses,,MA,Attleboro,yes,Moses Wilmarth
871,Richmond,Sylvester,,MA,Dighton,yes,Sylvester Richmond
872,Baylies,William,,MA,Dighton,yes,William Baylies
873,Durfee,Thomas,,MA,Freetown,yes,Thomas Durfee
874,Washburn,Israel,,MA,Freetown,yes,Israel Washburn
875,Tisdell,Eben,,MA,Easton,no,Eben Tisdell
876,Pratt,John,,MA,Mansfield,no,John Pratt
877,Spooner,W.,,MA,New Bedford,yes,W. Spooner
878,West,Samuel,,MA,New Bedford,yes,Samuel West
879,Almy,William,,MA,Westport,yes,William Almy
880,Preble,Esaias,,MA,York,no,Esaias Preble
881,Barrell,Nathaniel,,MA,York,no,Nathaniel Barrell
882,Adams,Mark,,MA,Kittery,no,Mark Adams
883,Neal,James,,MA,Kittery,no,James Neal
884,Hemmenway,Mr.,,MA,Wells,yes,Mr. Hemmenway
885,Wells,Nathaniel,,MA,Wells,yes,Nathaniel Wells
886,Low,Nathaniel,,MA,Berwick,no,Nathaniel Low
887,Cutts,Richard F.,,MA,Berwick,no,Richard F. Cutts
888,Hays,Elijah,,MA,Berwick,no,Elijah Hays
889,Cutts,T.,,MA,Pepperelboro,yes,T. Cutts
890,Wentworth,T.M.,,MA,Lebanon,no,T.M. Wentworth
891,Nason,Samuel,,MA,Sanford,no,Samuel Nason
892,Bradbury,Jacob,,MA,Buxton,yes,Jacob Bradbury
893,Ames,Moses,,MA,Fryeburg,no,Moses Ames
894,Low,John,,MA,Coxhall,yes,John Low
895,Emery,Jeremiah,,MA,Shapleigh,no,Jeremiah Emery
896,Tingley,Pel.,,MA,Waterboro,no,Pel. Tingley
897,Mayhew,William,,MA,Edgartown,yes,William Mayhew
898,Dunham,C.,,MA,Tisbury,yes,C. Dunham
899,Bigelow,David,,MA,Worcester,no,David Bigelow
900,Sprague,John,,MA,Lancaster,yes,John Sprague
901,Thompson,Ed.,,MA,Mendon,no,Ed. Thompson
902,Forbes,Daniel,,MA,Brookfield,no,Daniel Forbes
903,Jenks,N.,,MA,Brookfield,no,N. Jenks
904,Learned,Jeremiah,,MA,Oxford,no,Jeremiah Learned
905,Curtiss,Caleb,,MA,Charlton,no,Caleb Curtiss
906,M'Intier,Ezra,,MA,Charlton,no,Ezra M'Intier
907,Harwood,David,,MA,Sutton,no,David Harwood
908,Singletary,Amos,,MA,Sutton,no,Amos Singletary
909,Denny,Samuel,,MA,Leicester,no,Samuel Denny
910,Hathun,James,,MA,Spencer,no,James Hathun
911,Sherman,Asaph,,MA,Rutland,no,Asaph Sherman
912,Smith,Abraham,,MA,Paxton,no,Abraham Smith
913,Bullard,Jonathan,,MA,Oakham,no,Jonathan Bullard
914,Black,John,,MA,Barre,no,John Black
915,Woods,J.,,MA,Hubbardston,no,J. Woods
916,Joslyn,B.,,MA,New Braintree,no,B. Joslyn
917,Newton,Seth,,MA,Southboro,yes,Seth Newton
918,Maynard,S.,,MA,Westboro,no,S. Maynard
919,Brigham,Art.,,MA,Northboro,no,Art. Brigham
920,Harrington,I.,,MA,Shrewsbury,no,I. Harrington
921,Fuller,John,,MA,Lunenburg,no,John Fuller
922,Putman,Daniel,,MA,Fitchburg,no,Daniel Putman
923,Willard,Samuel,,MA,Uxbridge,no,Samuel Willard
924,Whitney,Joshua,,MA,Harvard,no,Joshua Whitney
925,Day,Jonathan,,MA,Dudley,no,Jonathan Day
926,Baker,Samuel,,MA,Bolton,yes,Samuel Baker
927,Baker,T.M.,,MA,Upton,no,T.M. Baker
928,Parker,Timothy,,MA,Sturbridge,no,Timothy Parker
929,Wilder,D.,,MA,Leominster,yes,D. Wilder
930,Kinsley,M.,,MA,Hardwick,no,M. Kinsley
931,Davi,Joseph,,MA,Holden,no,Joseph Davi
932,Patrick,Mat.,,MA,Western,yes,Mat. Patrick
933,Taylor,John,,MA,Douglass,no,John Taylor
934,Wood,Joseph,,MA,Grafton,no,Joseph Wood
935,Grout,Jonathan,,MA,Petersham,no,Jonathan Grout
936,Peckham,Samuel,,MA,Petersham,no,Samuel Peckham
937,Frye,John,,MA,Royalston,no,John Frye
938,Holden,Stephen,,MA,Westminster,no,Stephen Holden
939,Fletcher,J.,,MA,Templeton,no,J. Fletcher
940,Fuller,Timothy,,MA,Princeton,no,Timothy Fuller
941,Willard,Jacob,,MA,Ashburnham,no,Jacob Willard
942,Hale,Moses,,MA,Winchendon,no,Moses Hale
943,Wood,J.,,MA,Northbridge,no,J. Wood
944,Stone,Joseph,,MA,Ward,no,Joseph Stone
945,Goddard,Josiah,,MA,Athol,yes,Josiah Goddard
946,Stearns,David,,MA,Milford,no,David Stearns
947,Wilder,Ephraim,,MA,Sterling,yes,Ephraim Wilder
948,Temple,Jonas,,MA,Boylston,no,Jonas Temple
949,Isley,Daniel,,MA,Falmouth,no,Daniel Isley
950,Smith,John K.,,MA,Falmouth,yes,John K. Smith
951, Fox,John,,MA,Portland,yes,John  Fox
952,M'Lellen,Joseph,,MA,Portland,yes,Joseph M'Lellen
953,Mitchell,D.,,MA,North Yarmouth,yes,D. Mitchell
954,Merrill,Samuel,,MA,North Yarmouth,yes,Samuel Merrill
955,Thompson,W.,,MA,Scarboro,yes,W. Thompson
956,Dunlap,John,,MA,Brunswick,yes,John Dunlap
957,Snow,Isaac,,MA,Harpswell,yes,Isaac Snow
958,Dyer,Joshua,,MA,Cape Elizabeth,yes,Joshua Dyer
959,Longfellow,S.,,MA,Gorham,no,S. Longfellow
960,Widgery,William,,MA,New Gloucester,no,William Widgery
961,Perley,Samuel,,MA,Gray,yes,Samuel Perley
962,Rice,Thomas,,MA,Pownalboro,yes,Thomas Rice
963,Sylvester,David,,MA,Pownalboro,yes,David Sylvester
964,Wyman,N.,,MA,Georgetown,yes,N. Wyman
965,Murray,David,,MA,Newcastle,no,David Murray
966,Gilmore,David,,MA,Woolwich,yes,David Gilmore
967,Thompson,S.,,MA,Topsham,no,S. Thompson
968,Crosby,Jonah,,MA,Winslow,no,Jonah Crosby
969,Beal,Zachary,,MA,Bowdoinham,no,Zachary Beal
970,M'Cobb,William,,MA,Boothbay,yes,William M'Cobb
971,Jones,William,,MA,Bristol,no,William Jones
972,Grant,Samuel,,MA,Vassalboro,yes,Samuel Grant
973,Davis,Moses,,MA,Edgecomb,yes,Moses Davis
974,Carr,James,,MA,Hallowell,no,James Carr
975,Fayles,David,,MA,Thomaston,yes,David Fayles
976,Sewall,Dummer,,MA,Bath,yes,Dummer Sewall
977,Bean,Joshua,,MA,Winthrop,no,Joshua Bean
978,Ashley,John,,MA,Sheffield and Mount Washington,yes,John Ashley
979,Dwight,E.,,MA,Great Barrington,yes,E. Dwight
980,Sedgwick,T.,,MA,Stockbridge,yes,T. Sedgwick
981,Rathburn,Val.,,MA,Pittsfield,no,Val. Rathburn
982,Betts,Comstock,,MA,Richmond,no,Comstock Betts
983,Collins,Lemuel,,MA,Lenox,no,Lemuel Collins
984,Smith,Jonathan,,MA,Lanesboro,no,Jonathan Smith
985,Skinner,T.J.,,MA,Williamstown,yes,T.J. Skinner
986,Pleroe,J.,,MA,Adams,no,J. Pleroe
987,Fitch,Ephraim,,MA,Egremont,no,Ephraim Fitch
988,Carpenter,Elisha,,MA,Becket,yes,Elisha Carpenter
989,Lusk,T.,,MA,West Stockbridge,no,T. Lusk
990,Hulbert,John,,MA,Alford,no,John Hulbert
991,Taylor,D.,,MA,New Marlborough,yes,D. Taylor
992,Herrick,E.,,MA,Tyringham,no,E. Herrick
993,Lawton,Joshua,,MA,Loudon,no,Joshua Lawton
994,Mason,Timothy,,MA,Windsor,no,Timothy Mason
995,Peirce,Ebenezer,,MA,Partridgefield,no,Ebenezer Peirce
996,Vaughan,David,,MA,Hancock,no,David Vaughan
997,Bradley,Jesse,,MA,Lee,no,Jesse Bradley
998,Noble,Zenas,,MA,Washington,no,Zenas Noble
999,Picket,J.,,MA,Sandisfield,no,J. Picket
1000,Pinckney,Charles Cotesworth,,SC,"St. Philip and St. Michael, Charleston",yes,Charles Cotesworth Pinckney
1001,Gadsden,Christopher,,SC,"St. Philip and St. Michael, Charleston",yes,Christopher Gadsden
1002,Rutledge,Edward,,SC,"St. Philip and St. Michael, Charleston",yes,Edward Rutledge
1003,Ramsay,David,,SC,"St. Philip and St. Michael, Charleston",yes,David Ramsay
1004,Heyward,Thomas,Hon Jun,SC,"St. Philip and St. Michael, Charleston",yes,Thomas Heyward
1005,Darrell,Edward,,SC,"St. Philip and St. Michael, Charleston",yes,Edward Darrell
1006,Motte,Isaac,,SC,"St. Philip and St. Michael, Charleston",yes,Isaac Motte
1007,Gadsden,Thomas,,SC,"St. Philip and St. Michael, Charleston",yes,Thomas Gadsden
1008,Matthews,John,,SC,"St. Philip and St. Michael, Charleston",yes,John Matthews
1009,Blake,Edward,,SC,"St. Philip and St. Michael, Charleston",yes,Edward Blake
1010,Bee,Thomas,,SC,"St. Philip and St. Michael, Charleston",yes,Thomas Bee
1011,DeSaussure,Daniel,,SC,"St. Philip and St. Michael, Charleston",yes,Daniel DeSaussure
1012,Jones,Thomas,,SC,"St. Philip and St. Michael, Charleston",yes,Thomas Jones
1013,Grimkie,John Faucheraud,,SC,"St. Philip and St. Michael, Charleston",yes,John Faucheraud Grimkie
1014,Johnson,William,,SC,"St. Philip and St. Michael, Charleston",yes,William Johnson
1015,Pringle,John Julius,,SC,"St. Philip and St. Michael, Charleston",yes,John Julius Pringle
1016,Blake,John,,SC,"St. Philip and St. Michael, Charleston",yes,John Blake
1017,Stevens,Daniel,,SC,"St. Philip and St. Michael, Charleston",yes,Daniel Stevens
1018,Cannon,Daniel,,SC,"St. Philip and St. Michael, Charleston",yes,Daniel Cannon
1019,Toomer,Anthony,,SC,"St. Philip and St. Michael, Charleston",yes,Anthony Toomer
1020,Rutledge,Hugh,,SC,"St. Philip and St. Michael, Charleston",yes,Hugh Rutledge
1021,Budd,John,,SC,"St. Philip and St. Michael, Charleston",yes,John Budd
1022,Kinloch,Francis,,SC,"St. Philip and St. Michael, Charleston",yes,Francis Kinloch
1023,Sommersall,William,,SC,"St. Philip and St. Michael, Charleston",yes,William Sommersall
1024,Kalteisen,Michael,,SC,"St. Philip and St. Michael, Charleston",yes,Michael Kalteisen
1025,Lushington,Richard,,SC,"St. Philip and St. Michael, Charleston",yes,Richard Lushington
1026,Russell,Nathaniel,,SC,"St. Philip and St. Michael, Charleston",yes,Nathaniel Russell
1027,Smith,Josiah,,SC,"St. Philip and St. Michael, Charleston",yes,Josiah Smith
1028,Morris,Lewis,,SC,"St. Philip and St. Michael, Charleston",yes,Lewis Morris
1029,Lightwood,Edward,,SC,"St. Philip and St. Michael, Charleston",yes,Edward Lightwood
1030,Edwards,John,,SC,"St. Philip and St. Michael, Charleston",yes,John Edwards
1031,Pinckney,Charles,,SC,Christ Church,yes,Charles Pinckney
1032,Rutledge,John,,SC,Christ Church,yes,John Rutledge
1033,Vanderhorst,Arnoldus,,SC,Christ Church,yes,Arnoldus Vanderhorst
1034,Read,William,,SC,Christ Church,yes,William Read
1035,Toomer,Joshua,,SC,Christ Church,yes,Joshua Toomer
1036,Laurens,Henry,,SC,"St. John, Berkley County",yes,Henry Laurens
1037,Moultrie,William,,SC,"St. John, Berkley County",yes,William Moultrie
1038,Fayssoux,Peter,,SC,"St. John, Berkley County",no,Peter Fayssoux
1039,Simons,Keating,,SC,"St. John, Berkley County",no,Keating Simons
1040,Laurens,Henry,,SC,"St. John, Berkley County",yes,Henry Laurens
1041,Walter,Thomas,,SC,"St. John, Berkley County",no,Thomas Walter
1042,Drayton,Glen,,SC,St. Andrews,yes,Glen Drayton
1043,Hutson,Richard,,SC,St. Andrews,yes,Richard Hutson
1044,Fuller,Thomas,,SC,St. Andrews,yes,Thomas Fuller
1045,Ladson,James,,SC,St. Andrews,yes,James Ladson
1046,Izard,Ralph,Junior,SC,St. Andrews,yes,Ralph Izard
1047,Drayton,Charles,,SC,St. Andrews,yes,Charles Drayton
1048,Scott,William,,SC,St. Andrews,yes,William Scott
1049,Glaze,John,,SC,"St. George, Dorchester",yes,John Glaze
1050,Waring,Morton,,SC,"St. George, Dorchester",yes,Morton Waring
1051,Waring,Thomas,,SC,"St. George, Dorchester",yes,Thomas Waring
1052,Postell,John,,SC,"St. George, Dorchester",yes,John Postell
1053,Postell,William,,SC,"St. George, Dorchester",yes,William Postell
1054,Hutchinson,Matthias,,SC,"St. George, Dorchester",yes,Matthias Hutchinson
1055,Dawson,John,,SC,"St. George, Dorchester",yes,John Dawson
1056,Izard,Ralph,Senior,SC,"St. James, Goose Creek",yes,Ralph Izard
1057,Smith,Peter,,SC,"St. James, Goose Creek",yes,Peter Smith
1058,Smith,Benjamin,,SC,"St. James, Goose Creek",yes,Benjamin Smith
1059,Manigault,Gabriel,,SC,"St. James, Goose Creek",yes,Gabriel Manigault
1060,Smith,William,,SC,"St. James, Goose Creek",yes,William Smith
1061,Parker,John,,SC,"St. James, Goose Creek",yes,John Parker
1062,Deas,John,,SC,"St. James, Goose Creek",yes,John Deas
1063,Huger,John,,SC,St. Thomas and St. Dennis,yes,John Huger
1064,Karwon,Thomas,,SC,St. Thomas and St. Dennis,yes,Thomas Karwon
1065,Screven,Thomas,,SC,St. Thomas and St. Dennis,yes,Thomas Screven
1066,Daniel,Robert,,SC,St. Thomas and St. Dennis,yes,Robert Daniel
1067,Forgartie,Lewis,,SC,St. Thomas and St. Dennis,yes,Lewis Forgartie
1068,Harleston,Isaac,,SC,St. Thomas and St. Dennis,yes,Isaac Harleston
1069,Parker,Isaac,,SC,St. Thomas and St. Dennis,yes,Isaac Parker
1070,Hamilton,Paul,,SC,St. Pauls' Parish,yes,Paul Hamilton
1071,Wilson,Jehu,,SC,St. Pauls' Parish,no,Jehu Wilson
1072,Garner,Melcher,,SC,St. Pauls' Parish,no,Melcher Garner
1073,Haig,George,,SC,St. Pauls' Parish,yes,George Haig
1074,Slann,Joseph,,SC,St. Pauls' Parish,yes,Joseph Slann
1075,Saunders,Roger Parker,,SC,St. Pauls' Parish,yes,Roger Parker Saunders
1076,Washington,William,,SC,St. Pauls' Parish,yes,William Washington
1077,Postell,Benjamin,,SC,St. Bartholomew,no,Benjamin Postell
1078,Snipes,William Clay,,SC,St. Bartholomew,no,William Clay Snipes
1079,Smith,Obrian,,SC,St. Bartholomew,no,Obrian Smith
1080,Walter,Paul,,SC,St. Bartholomew,no,Paul Walter
1081,Lloyd,John,,SC,St. Bartholomew,yes,John Lloyd
1082,Croskeys,John,,SC,St. Bartholomew,yes,John Croskeys
1083,Bellinger,Edmond,,SC,St. Bartholomew,no,Edmond Bellinger
1084,Barnwell,John,,SC,St. Helena,yes,John Barnwell
1085,Joyner,John,,SC,St. Helena,yes,John Joyner
1086,Kean,John,,SC,St. Helena,yes,John Kean
1087,Wigg,William H,,SC,St. Helena,yes,William H Wigg
1088,Barnwell,Robert,,SC,St. Helena,yes,Robert Barnwell
1089,Elliot,William,,SC,St. Helena,yes,William Elliot
1090,Stewart,James,,SC,St. Helena,yes,James Stewart
1091,Dubose,Isaac,,SC,"St. James, Santee",yes,Isaac Dubose
1092,Miles,Lewis,,SC,"St. James, Santee",yes,Lewis Miles
1093,Warren,Samuel,,SC,"St. James, Santee",yes,Samuel Warren
1094,Withers,Richard,,SC,"St. James, Santee",yes,Richard Withers
1095,Mayrant,John,,SC,"St. James, Santee",yes,John Mayrant
1096,Bowman,John,,SC,"St. James, Santee",no,John Bowman
1097,Horry,Thomas,,SC,"St. James, Santee",yes,Thomas Horry
1098,Watles,Thomas,,SC,"Prince George, Winyah",yes,Thomas Watles
1099,Smith,Samuel,,SC,"Prince George, Winyah",yes,Samuel Smith
1100,Kinloch,Cleland,,SC,"Prince George, Winyah",yes,Cleland Kinloch
1101,Allston,William,,SC,"Prince George, Winyah",yes,William Allston
1102,Allston,Thomas,,SC,All Saints,yes,Thomas Allston
1103,Morrall,Daniel,,SC,All Saints,yes,Daniel Morrall
1104,Wilson,William,,SC,Prince Frederick,yes,William Wilson
1105,Dollard,Patrick,,SC,Prince Frederick,no,Patrick Dollard
1106,Tweed,Alexander,,SC,Prince Frederick,yes,Alexander Tweed
1107,Frierson,William,,SC,Prince Frederick,yes,William Frierson
1108,Reed,William,,SC,Prince Frederick,no,William Reed
1109,Pettigrew,James,,SC,Prince Frederick,yes,James Pettigrew
1110,Burgess,John,,SC,Prince Frederick,no,John Burgess
1111,Legare,Thomas,,SC,"St. John, Colleton County",yes,Thomas Legare
1112,Muncreef,Richard,,SC,"St. John, Colleton County",yes,Richard Muncreef
1113,Jenkins,Daniel,,SC,"St. John, Colleton County",yes,Daniel Jenkins
1114,Wilson,Hugh,,SC,"St. John, Colleton County",yes,Hugh Wilson
1115,Jenkins,Isaac,,SC,"St. John, Colleton County",yes,Isaac Jenkins
1116,Mikell,Ephraim,,SC,"St. John, Colleton County",yes,Ephraim Mikell
1117,Smelie,William,,SC,"St. John, Colleton County",yes,William Smelie
1118,Fenwick,John,,SC,St. Peter,yes,John Fenwick
1119,Chisholm,John,,SC,St. Peter,no,John Chisholm
1120,Hartestone,Joachim,,SC,St. Peter,yes,Joachim Hartestone
1121,Bourquin,John Lewis,,SC,St. Peter,no,John Lewis Bourquin
1122,Stafford,Seth,,SC,St. Peter,yes,Seth Stafford
1123,Holcom,Henry,,SC,St. Peter,yes,Henry Holcom
1124,Hutson,Thomas,,SC,Prince William,yes,Thomas Hutson
1125,McPherson,John,,SC,Prince William,yes,John McPherson
1126,Maine,James,,SC,Prince William,yes,James Maine
1127,Cuthbert,John A.,,SC,Prince William,yes,John A. Cuthbert
1128,Lightwood,John,,SC,Prince William,yes,John Lightwood
1129,Simmons,John,,SC,Prince William,yes,John Simmons
1130,Deveaux,Stephen,,SC,Prince William,yes,Stephen Deveaux
1131,Palmer,John,,SC,St. Stephen,yes,John Palmer
1132,Maham,Hezekiah,,SC,St. Stephen,yes,Hezekiah Maham
1133,Dubose,Samuel,,SC,St. Stephen,yes,Samuel Dubose
1134,Peyre,John,,SC,St. Stephen,yes,John Peyre
1135,Sumter,Thomas,,SC,District Eastwd. of the Wateree,no,Thomas Sumter
1136,Baskins,Andrew,,SC,District Eastwd. of the Wateree,no,Andrew Baskins
1137,Lowry,John,,SC,District Eastwd. of the Wateree,no,John Lowry
1138,Cudworth,Benjamin,,SC,District Eastwd. of the Wateree,no,Benjamin Cudworth
1139,Massey,William,,SC,District Eastwd. of the Wateree,no,William Massey
1140,Chesnut,John,,SC,District Eastwd. of the Wateree,yes,John Chesnut
1141,White,Hugh,,SC,District Eastwd. of the Wateree,no,Hugh White
1142,Dunlap,Thomas,,SC,District Eastwd. of the Wateree,no,Thomas Dunlap
1143,Dunlap,Samuel,,SC,District Eastwd. of the Wateree,no,Samuel Dunlap
1144,Montgomery,John,,SC,District Eastwd. of the Wateree,no,John Montgomery
1145,Lincoln,James,,SC,District of Ninety Six,no,James Lincoln
1146,Jones,Adam Crain,,SC,District of Ninety Six,no,Adam Crain Jones
1147,Hamilton,Andrew,,SC,District of Ninety Six,no,Andrew Hamilton
1148,Harris,John,,SC,District of Ninety Six,yes,John Harris
1149,Martin,Edmond,,SC,District of Ninety Six,no,Edmond Martin
1150,Calhoun,Joseph,,SC,District of Ninety Six,no,Joseph Calhoun
1151,Butler,William,,SC,District of Ninety Six,no,William Butler
1152,Bowie,John,,SC,District of Ninety Six,no,John Bowie
1153,Gervias,John Lewis,,SC,District of Ninety Six,no,John Lewis Gervias
1154,Earle,Samuel,,SC,North Side of Saluda,yes,Samuel Earle
1155,Allston,Lamuel James,,SC,North Side of Saluda,yes,Lamuel James Allston
1156,Thomas,John,,SC,North Side of Saluda,yes,John Thomas
1157,Miller,John,,SC,South Side of Saluda,yes,John Miller
1158,McCaleb,William,,SC,South Side of Saluda,yes,William McCaleb
1159,Hampton,Richard,,SC,District of Saxe-Gotha,no,Richard Hampton
1160,Culpeper,John,,SC,District of Saxe-Gotha,no,John Culpeper
1161,Fitzpatrick,William,,SC,District of Saxe-Gotha,no,William Fitzpatrick
1162,Threewits,Lewellin,,SC,District of Saxe-Gotha,no,Lewellin Threewits
1163,Threewits,John,,SC,District of Saxe-Gotha,no,John Threewits
1164,Hampton,Wade,,SC,District of Saxe-Gotha,no,Wade Hampton
1165,Pendleton,Henry,,SC,District of Saxe-Gotha,yes,Henry Pendleton
1166,Burke,Edanus,,SC,Lower District between Broad and Saluda Rivers,no,Edanus Burke
1167,Lindsey,John,,SC,Lower District between Broad and Saluda Rivers,no,John Lindsey
1168,Waters,Philemon,,SC,Lower District between Broad and Saluda Rivers,no,Philemon Waters
1169,Rutherford,Robert,,SC,Lower District between Broad and Saluda Rivers,no,Robert Rutherford
1170,Hampton,John,,SC,Lower District between Broad and Saluda Rivers,no,John Hampton
1171,Hunter,John,,SC,Little River District,yes,John Hunter
1172,Saxon,Samuel,,SC,Little River District,no,Samuel Saxon
1173,Wadsworth,Thomas,,SC,Little River District,yes,Thomas Wadsworth
1174,Saxon,Joshua,,SC,Little River District,no,Joshua Saxon
1175,Kennedy,William,,SC,Upper or Spartan District,no,William Kennedy
1176,Jordan,James,,SC,Upper or Spartan District,no,James Jordan
1177,Sims,Charles,,SC,Upper or Spartan District,no,Charles Sims
1178,Brandon,Thomas,,SC,Upper or Spartan District,no,Thomas Brandon
1179,Bulloch,Zachariah,,SC,Upper or Spartan District,no,Zachariah Bulloch
1180,Taylor,Thomas,,SC,District between Broad and Catawba Rivers Vizt Richard County,no,Thomas Taylor
1181,Meyer,William,,SC,District between Broad and Catawba Rivers Vizt Richard County,no,William Meyer
1182,Howell,Thomas,,SC,District between Broad and Catawba Rivers Vizt Richard County,no,Thomas Howell
1183,Craig,James,,SC,Fairfield County,no,James Craig
1184,Brown,Jacob,,SC,Fairfield County,no,Jacob Brown
1185,Cook,John,,SC,Fairfield County,no,John Cook
1186,Grey,John,,SC,Fairfield County,no,John Grey
1187,Lacey,Edward,,SC,Chester County,no,Edward Lacey
1188,Brown,Joseph,,SC,Chester County,no,Joseph Brown
1189,Miles,William,,SC,Chester County,no,William Miles
1190,Knox,James,,SC,Chester County,no,James Knox
1191,Hill,William,,SC,District called the New Acqusistion,no,William Hill
1192,Patton,Robert,,SC,District called the New Acqusistion,no,Robert Patton
1193,Watson,Samuel,,SC,District called the New Acqusistion,no,Samuel Watson
1194,Cummins,Francis,,SC,District called the New Acqusistion,yes,Francis Cummins
1195,Martin,James,,SC,District called the New Acqusistion,no,James Martin
1196,Hunt,James G.,,SC,District called the New Acqusistion,no,James G. Hunt
1197,Lowrey,Samuel,,SC,District called the New Acqusistion,no,Samuel Lowrey
1198,Love,Andrew,,SC,District called the New Acqusistion,no,Andrew Love
1199,McGaw,John,,SC,District called the New Acqusistion,no,John McGaw
1200,Meck,Adam,,SC,District called the New Acqusistion,no,Adam Meck
1201,Smith,Abraham,,SC,District called the New Acqusistion,no,Abraham Smith
1202,Thompson,William,,SC,St. Matthew,yes,William Thompson
1203,Linton,John,,SC,St. Matthew,no,John Linton
1204,Warley,Paul,,SC,St. Matthew,yes,Paul Warley
1205,Lestergette,Lewis,,SC,Orange,yes,Lewis Lestergette
1206,Rumph,Jacob,,SC,Orange,yes,Jacob Rumph
1207,Bruce,Donald,,SC,Orange,yes,Donald Bruce
1208,Benton,Lamuel,,SC,St. David,yes,Lamuel Benton
1209,Dewitt,William,,SC,St. David,yes,William Dewitt
1210,Spencer,Calvin,,SC,St. David,yes,Calvin Spencer
1211,Taylor,Samuel,,SC,St. David,yes,Samuel Taylor
1212,Brounfield,R.,,SC,St. David,yes,R. Brounfield
1213,Hicks,Benjamin,,SC,St. David,yes,Benjamin Hicks
1214,Smith,Stephen,,SC,District between Savannah River and the North Fork of Edisto.,yes,Stephen Smith
1215,Dunbar,William,,SC,District between Savannah River and the North Fork of Edisto.,yes,William Dunbar
1216,Vance,Joseph,,SC,District between Savannah River and the North Fork of Edisto.,yes,Joseph Vance
1217,Robison,William,,SC,District between Savannah River and the North Fork of Edisto.,yes,William Robison
1218,Collins,John,,SC,District between Savannah River and the North Fork of Edisto.,yes,John Collins
1219,Clark,Jonathan,,SC,District between Savannah River and the North Fork of Edisto.,yes,Jonathan Clark
1220,George,Hazard,,RI,Newport,yes,Hazard George
1221,Henry,Merchant,,RI,Newport,yes,Merchant Henry
1222,George,Champlin,,RI,Newport,yes,Champlin George
1223,Peleg,Clarke,,RI,Newport,yes,Clarke Peleg
1224,William,Tripp,,RI,Newport,yes,Tripp William
1225,George,Sears,,RI,Newport,yes,Sears George
1226,Jabez,Bowen,,RI,Providence,yes,Bowen Jabez
1227,Benjamin,Bourne,,RI,Providence,yes,Bourne Benjamin
1228,William,Barton,,RI,Providence,yes,Barton William
1229,John I,Clark,,RI,Providence,yes,Clark John I
1230,Barrington,Anthony,,RI,Portsmouth,yes,Anthony Barrington
1231,Job,Durfree,,RI,Portsmouth,did not vote,Durfree Job
1232,Giles,Slocum,,RI,Portsmouth,no,Slocum Giles
1233,Peter,Barker,,RI,Portsmouth,yes,Barker Peter
1234,Thomas,Rice,,RI,Warwick,no,Rice Thomas
1235,Gideon,Arnold,,RI,Warwick,no,Arnold Gideon
1236,Benjamin,Arnold,,RI,Warwick,yes,Arnold Benjamin
1237,Christopher,Greene,,RI,Warwick,yes,Greene Christopher
1238,Walter,White,,RI,Westerly,yes,White Walter
1239,George,Stillman,,RI,Westerly,yes,Stillman George
1240,Edward,Hull,,RI,Newshoreham,did not vote,Hull Edward
1241,Ray,Sands,,RI,Newshoreham,did not vote,Sands Ray
1242,William,Congdon,,RI,North Kingston,no,Congdon William
1243,Bowen,Card,,RI,North Kingston,no,Card Bowen
1244,Samuel J,Potter,,RI,South Kingston,no,Potter Samuel J
1245,Jonathan J,Howard,,RI,South Kingston,no,Howard Jonathan J
1246,Pardon,Mawney,,RI,East Greenwich,no,Mawney Pardon
1247,Job,Comstock,,RI,East Greenwich,no,Comstock Job
1248,Benjamin,Remington,,RI,Jameston,yes,Remington Benjamin
1249,Nicholas,Carr,,RI,Jameston,yes,Carr Nicholas
1250,John,Sayles,,RI,Smithfield,no,Sayles John
1251,Andrew,Waterman,,RI,Smithfield,no,Waterman Andrew
1252,James,Aldrich,,RI,Scituate,no,Aldrich James
1253,Nathan,Bates,,RI,Scituate,no,Bates Nathan
1254,Daniel,Owen,,RI,Gloucester,did not vote,Owen Daniel
1255,Stephen,Steere,,RI,Gloucester,no,Steere Stephen
1256,Thomas,Hoxsie,,RI,Charlestown,no,Hoxsie Thomas
1257,Joseph,Stanton,,RI,Charlestown,no,Stanton Joseph
1258,William,Matthewson,,RI,West Greenwich,no,Matthewson William
1259,William,Nichols,,RI,West Greenwich,no,Nichols William
1260,Benjamin,Arnold,,RI,Coventry,no,Arnold Benjamin
1261,Job,Greene,,RI,Coventry,no,Greene Job
1262,Joseph,Reynolds,,RI,Exeter,no,Reynolds Joseph
1263,Job,Wilcox,,RI,Exeter,no,Wilcox Job
1264,Joshua,Barker,,RI,Middletown,yes,Barker Joshua
1265,Elisha,Barker,,RI,Middletown,yes,Barker Elisha
1266,William,Peckham,,RI,Middletown,did not vote,Peckham William
1267,William,Bradford,,RI,Bristol,yes,Bradford William
1268,Shearjashub,Bourne,,RI,Bristol,yes,Bourne Shearjashub
1269,Isaac,Manchester,,RI,Tiverton,yes,Manchester Isaac
1270,Abraham,Barker,,RI,Tiverton,yes,Barker Abraham
1271,William,Ladd,,RI,Little Compton,yes,Ladd William
1272,John,Davis,,RI,Little Compton,yes,Davis John
1273,Benjamin,Bosworth,,RI,Warren,yes,Bosworth Benjamin
1274,Nathan,Miller,,RI,Warren,did not vote,Miller Nathan
1275,Samuel,Pearce,,RI,Warren,yes,Pearce Samuel
1276,John S,Dexter,,RI,Cumberland,yes,Dexter John S
1277,Levi,Ballou,,RI,Cumberland,yes,Ballou Levi
1278,James,Sheldon,,RI,Richmond,no,Sheldon James
1279,Thomas,James,,RI,Richmond,no,James Thomas
1280,Peter,Stone,,RI,Cranston,no,Stone Peter
1281,Jonathan,Sprague,,RI,Cranston,no,Sprague Jonathan
1282,John,Brown,,RI,Hopkinton,yes,Brown John
1283,Jesse,Maxson,,RI,Hopkinton,yes,Maxson Jesse
1284,Noah,Matthewson,,RI,Johnston,no,Matthewson Noah
1285,William,King,,RI,Johnston,no,King William
1286,Elisha,Brown,,RI,North Providence,no,Brown Elisha
1287,Eseck,Esten,,RI,North Providence,no,Esten Eseck
1288,Thomas,Allen,,RI,Barrington,yes,Allen Thomas
1289,Samuel,Allen,,RI,Barrington,yes,Allen Samuel
1290,William,Howard,,RI,Foster,no,Howard William
1291,John,Williams,,RI,Foster,no,Williams John
1292,Spencer,Samuel,,NC,Anson County,no,Samuel Spencer
1293,Gilbert,Jesse,,NC,Anson County,yes,Jesse Gilbert
1294,May,Pleasant,,NC,Anson County,no,Pleasant May
1295,Wade,Thomas,,NC,Anson County,yes,Thomas Wade
1296,Jameson,David,,NC,Anson County,yes,David Jameson
1297,Blount,John G.,,NC,Beaufort County,yes,John G. Blount
1298,Brown,William,,NC,Beaufort County,yes,William Brown
1299,Grist,Richard,,NC,Beaufort County,yes,Richard Grist
1300,Ellison,Alderson,,NC,Beaufort County,yes,Alderson Ellison
1301,Arnett,Silas W.,,NC,Beaufort County,yes,Silas W. Arnett
1302,Johnston,John,,NC,Bertie County,yes,John Johnston
1303,Pugh,Francis,,NC,Bertie County,yes,Francis Pugh
1304,Johnston Dawson,William,,NC,Bertie County,yes,William Johnston Dawson
1305,Turner,David,,NC,Bertie County,yes,David Turner
1306,Stone,David,,NC,Bertie County,yes,David Stone
1307,Smith,Benjamin,,NC,Brunswick County,yes,Benjamin Smith
1308,Lord,William E.,,NC,Brunswick County,no,William E. Lord
1309,Gause,William,,NC,Brunswick County,yes,William Gause
1310,Hall,John,,NC,Brunswick County,yes,John Hall
1311,Hawkins,Dennis,,NC,Brunswick County,yes,Dennis Hawkins
1312,Cowan,John,,NC,Bladen County,yes,John Cowan
1313,Owen,Thomas,,NC,Bladen County,yes,Thomas Owen
1314,Gaitier,Joseph,,NC,Bladen County,no,Joseph Gaitier
1315,Brown,Thomas,,NC,Bladen County,no,Thomas Brown
1316,Stewart,Duncan,,NC,Bladen County,no,Duncan Stewart
1317,McDowall,Charles,,NC,Burke County,yes,Charles McDowall
1318,McDowall,Joseph,,NC,Burke County,no,Joseph McDowall
1319,McDowall Jun.,Joseph,,NC,Burke County,yes,Joseph McDowall Jun.
1320,Erwin,William E.,,NC,Burke County,yes,William E. Erwin
1321,Carson,John,,NC,Burke County,yes,John Carson
1322,McDowall Jun.,Joseph,,NC,Craven County,yes,Joseph McDowall Jun.
1323,Allen,John,,NC,Craven County,yes,John Allen
1324,Nixon,Richard,,NC,Craven County,yes,Richard Nixon
1325,Leech,Joseph,,NC,Craven County,yes,Joseph Leech
1326,Williams,Thomas,,NC,Craven County,no,Thomas Williams
1327,Ingram,John,,NC,Cumberland County,yes,John Ingram
1328,Hay,John,,NC,Cumberland County,yes,John Hay
1329,Grove,William B.,,NC,Cumberland County,yes,William B. Grove
1330,Moore,James,,NC,Cumberland County,no,James Moore
1331,Adam,Robert,,NC,Cumberland County,yes,Robert Adam
1332,Easton,John,,NC,Carteret County,yes,John Easton
1333,Bell,Malachi,,NC,Carteret County,yes,Malachi Bell
1334,Fulford,John,,NC,Carteret County,yes,John Fulford
1335,Styron,Wallace,,NC,Carteret County,yes,Wallace Styron
1336,Wallace,John,,NC,Carteret County,yes,John Wallace
1337,Ferebee,William,,NC,Currituck County,yes,William Ferebee
1338,Williams,Thomas P.,,NC,Currituck County,yes,Thomas P. Williams
1339,Ferebee,Samuel,,NC,Currituck County,yes,Samuel Ferebee
1340,Duke,Andrew,,NC,Currituck County,yes,Andrew Duke
1341,Hall,Spence,,NC,Currituck County,yes,Spence Hall
1342,Cabarrus,Stephen,,NC,Chowan County,yes,Stephen Cabarrus
1343,Johnson,Charles,,NC,Chowan County,yes,Charles Johnson
1344,Creecy,Lemuel,,NC,Chowan County,yes,Lemuel Creecy
1345,Blount,Edmund,,NC,Chowan County,yes,Edmund Blount
1346,Righton,William,,NC,Chowan County,yes,William Righton
1347,Gregory,Isaac,,NC,Camden County,yes,Isaac Gregory
1348,Dauge,Peter,,NC,Camden County,yes,Peter Dauge
1349,Sawyer,Enoch,,NC,Camden County,yes,Enoch Sawyer
1350,Abbott,Henry,,NC,Camden County,yes,Henry Abbott
1351,Grandy,Charles,,NC,Camden County,yes,Charles Grandy
1352,Wommack,John,,NC,Caswell County,no,John Wommack
1353,Dickens,Robert,,NC,Caswell County,no,Robert Dickens
1354,Graves,John,,NC,Caswell County,no,John Graves
1355,Payne,Robert,,NC,Caswell County,yes,Robert Payne
1356,Bowman,Robert,,NC,Caswell County,yes,Robert Bowman
1357,Edwards,Robert,,NC,Chatham County,no,Robert Edwards
1358,Vestall,William,,NC,Chatham County,yes,William Vestall
1359,Thompson,John,,NC,Chatham County,yes,John Thompson
1360,Ramsay,John,,NC,Chatham County,yes,John Ramsay
1361,Anderson,James,,NC,Chatham County,yes,James Anderson
1362,Sheppard,Benjamin,,NC,Dobbs County,yes,Benjamin Sheppard
1363,Lassiter,Nathan,,NC,Dobbs County,yes,Nathan Lassiter
1364,Bright,Simeon,,NC,Dobbs County,yes,Simeon Bright
1365,Pearsall,James,,NC,Duplin County,no,James Pearsall
1366,Gillespie,James,,NC,Duplin County,no,James Gillespie
1367,Dickson,Robert,,NC,Duplin County,no,Robert Dickson
1368,Watkins,Lavan,,NC,Duplin County,no,Lavan Watkins
1369,Kenan,James,,NC,Duplin County,no,James Kenan
1370,Gerrard,Charles,,NC,Davidson County,yes,Charles Gerrard
1371,Rice,Joel,,NC,Davidson County,yes,Joel Rice
1372,Ewing,Robert,,NC,Davidson County,yes,Robert Ewing
1373,Mountflorence,James C.,,NC,Davidson County,yes,James C. Mountflorence
1374,Dobbin,William,,NC,Davidson County,yes,William Dobbin
1375,Phillips,Etheldred,,NC,Edgecombe County,yes,Etheldred Phillips
1376,Blount,Thomas,,NC,Edgecombe County,yes,Thomas Blount
1377,Hilliard,Jeremiah,,NC,Edgecombe County,yes,Jeremiah Hilliard
1378,Gray,Etheldred,,NC,Edgecombe County,yes,Etheldred Gray
1379,Fort,William,,NC,Edgecombe County,yes,William Fort
1380,Hill,Henry,,NC,Franklin County,no,Henry Hill
1381,Sherrod,Thomas,,NC,Franklin County,yes,Thomas Sherrod
1382,Hill,Jordan,,NC,Franklin County,yes,Jordan Hill
1383,Lancaster,William,,NC,Franklin County,yes,William Lancaster
1384,Christmas,William,,NC,Franklin County,yes,William Christmas
1385,Hamilton,John,,NC,Guilford County,no,John Hamilton
1386,Gowdy,William,,NC,Guilford County,no,William Gowdy
1387,Caldwell,Richard D.,,NC,Guilford County,no,Richard D. Caldwell
1388,Gillespie,Daniel,,NC,Guilford County,no,Daniel Gillespie
1389,Mitchell,Elijah,,NC,Granville County,no,Elijah Mitchell
1390,Person,Thomas,,NC,Granville County,no,Thomas Person
1391,Yancey,Thorton,,NC,Granville County,no,Thorton Yancey
1392,Bennett,Peter,,NC,Granville County,no,Peter Bennett
1393,Taylor Jr.,Edmund,,NC,Granville County,no,Edmund Taylor Jr.
1394,Rice,David,,NC,Gates County,yes,David Rice
1395,Riddick,Joseph,,NC,Gates County,yes,Joseph Riddick
1396,Baker,John,,NC,Gates County,yes,John Baker
1397,Sevier,John,,NC,Greene County,yes,John Sevier
1398,Outlaw,Alexander,,NC,Greene County,yes,Alexander Outlaw
1399,Allison,John,,NC,Greene County,yes,John Allison
1400,Doherty,George,,NC,Greene County,yes,George Doherty
1401,Wilson,James,,NC,Greene County,yes,James Wilson
1402,Long,Lunsford,,NC,Halifax County,yes,Lunsford Long
1403,Baptista Ashe,John,,NC,Halifax County,yes,John Baptista Ashe
1404,Qualls,Peter,,NC,Halifax County,yes,Peter Qualls
1405,Whitaker,John,,NC,Halifax County,yes,John Whitaker
1406,Norfleet,Marmaduke,,NC,Halifax County,yes,Marmaduke Norfleet
1407,Wynns,Thomas,,NC,Hertford County,yes,Thomas Wynns
1408,Montgomery,Robert,,NC,Hertford County,yes,Robert Montgomery
1409,Murfee,Hardy,,NC,Hertford County,yes,Hardy Murfee
1410,Hill,Henry,,NC,Hertford County,yes,Henry Hill
1411,Baker,Henry,,NC,Hertford County,yes,Henry Baker
1412,Eborn,John,,NC,Hyde County,yes,John Eborn
1413,Watson,James,,NC,Hyde County,yes,James Watson
1414,Anderson,John,,NC,Hyde County,yes,John Anderson
1415,Jasper,James,,NC,Hyde County,yes,James Jasper
1416,Peters,Michael,,NC,Hyde County,yes,Michael Peters
1417,Henderson,Nathaniel,,NC,Hawkins County,yes,Nathaniel Henderson
1418,White,James,,NC,Hawkins County,yes,James White
1419,Hunt,John,,NC,Hawkins County,yes,John Hunt
1420,Chessen,Elijah,,NC,Hawkins County,yes,Elijah Chessen
1421,Osborne,Adlai,,NC,Iredell County,yes,Adlai Osborne
1422,Brevard,Adam,,NC,Iredell County,yes,Adam Brevard
1423,Matthews,Musentine,,NC,Iredell County,yes,Musentine Matthews
1424,Nesbitt (Nisbet),John,,NC,Iredell County,yes,John Nesbitt (Nisbet)
1425,Caldwell,David,,NC,Iredell County,yes,David Caldwell
1426,Smith,Samuel,,NC,Johnston County,yes,Samuel Smith
1427,Bryan,Hardy,,NC,Johnston County,yes,Hardy Bryan
1428,Bridgers,William,,NC,Johnston County,yes,William Bridgers
1429,Hackney,William,,NC,Johnston County,yes,William Hackney
1430,Handy,Matthias,,NC,Johnston County,yes,Matthias Handy
1431,Hargett,Frederick,,NC,Jones County,yes,Frederick Hargett
1432,Whitty,Edward,,NC,Jones County,yes,Edward Whitty
1433,Bryan,John H.,,NC,Jones County,yes,John H. Bryan
1434,Johnston,Jacob,,NC,Jones County,yes,Jacob Johnston
1435,Dickson,Joseph,,NC,Lincoln County,yes,Joseph Dickson
1436,Moore,John,,NC,Lincoln County,yes,John Moore
1437,MacLaine,William,,NC,Lincoln County,yes,William MacLaine
1438,Alexander,Robert,,NC,Lincoln County,no,Robert Alexander
1439,Caruth,John,,NC,Lincoln County,yes,John Caruth
1440,Martin,William,,NC,Moore County,no,William Martin
1441,Tyson,Thomas,,NC,Moore County,yes,Thomas Tyson
1442,MacIntosh,Donald,,NC,Moore County,no,Donald MacIntosh
1443,McLeod,Neill,,NC,Moore County,no,Neill McLeod
1444,Doud,Cornelius,,NC,Moore County,no,Cornelius Doud
1445,Stewart,John,,NC,Martin County,yes,John Stewart
1446,Williams,William,,NC,Martin County,yes,William Williams
1447,Mayo,Nathan,,NC,Martin County,yes,Nathan Mayo
1448,Hunter ,Thomas,,NC,Martin County,yes,Thomas Hunter 
1449,Wilson,Zachias,,NC,Mecklenburg County,no,Zachias Wilson
1450,Douglass,Joseph,,NC,Mecklenburg County,no,Joseph Douglass
1451,Phifer,Caleb,,NC,Mecklenburg County,no,Caleb Phifer
1452,Graham,Joseph,,NC,Mecklenburg County,no,Joseph Graham
1453,Porter,James,,NC,Mecklenburg County,no,James Porter
1454,Johnston,William,,NC,Montgomery County,yes,William Johnston
1455,Turner,James,,NC,Montgomery County,yes,James Turner
1456,Tindall,James,,NC,Montgomery County,yes,James Tindall
1457,Nesbitt,David,,NC,Montgomery County,yes,David Nesbitt
1458,Crump,James,,NC,Montgomery County,yes,James Crump
1459,Benford,John M.,,NC,Northampton County,yes,John M. Benford
1460,Pride,Halcott B.,,NC,Northampton County,no,Halcott B. Pride
1461,Tarver,Samuel,,NC,Northampton County,yes,Samuel Tarver
1462,Peebles,Robert,,NC,Northampton County,no,Robert Peebles
1463,Peete,Samuel,,NC,Northampton County,yes,Samuel Peete
1464,Bloodworth,Timothy,,NC,New Hanover County,no,Timothy Bloodworth
1465,Scull,John G.,,NC,New Hanover County,no,John G. Scull
1466,Huske,John,,NC,New Hanover County,no,John Huske
1467,Campbell,John A.,,NC,New Hanover County,no,John A. Campbell
1468,Ellin,Howell,,NC,Nash County,yes,Howell Ellin
1469,Vick,Wilson,,NC,Nash County,yes,Wilson Vick
1470,Marnes,William S.,,NC,Nash County,yes,William S. Marnes
1471,Bonds,John,,NC,Nash County,yes,John Bonds
1472,Griffin,Hardy,,NC,Nash County,yes,Hardy Griffin
1473,Sneed,Robert W.,,NC,Onslow County,yes,Robert W. Sneed
1474,Spicer,John,,NC,Onslow County,yes,John Spicer
1475,Yates,Daniel,,NC,Onslow County,yes,Daniel Yates
1476,Mitchell,George,,NC,Onslow County,yes,George Mitchell
1477,Ward,Edward,,NC,Onslow County,yes,Edward Ward
1478,Christmass,James,,NC,Orange County,yes,James Christmass
1479,Perkins,Thomas H.,,NC,Orange County,no,Thomas H. Perkins
1480,Strudwick,William F.,,NC,Orange County,no,William F. Strudwick
1481,Hodge,Joseph,,NC,Orange County,no,Joseph Hodge
1482,Mebane,Alexander,,NC,Orange County,no,Alexander Mebane
1483,Everegain,Edward,,NC,Pasquotank County,yes,Edward Everegain
1484,Swan,John,,NC,Pasquotank County,yes,John Swan
1485,Banks,Thomas,,NC,Pasquotank County,yes,Thomas Banks
1486,Davis,Devotion,,NC,Pasquotank County,yes,Devotion Davis
1487,Johnston,Samuel,,NC,Perquimans County,yes,Samuel Johnston
1488,Skinner,John,,NC,Perquimans County,yes,John Skinner
1489,Harvey,Joseph,,NC,Perquimans County,yes,Joseph Harvey
1490,Perry,Benjamin,,NC,Perquimans County,yes,Benjamin Perry
1491,Sutton,Asbury,,NC,Perquimans County,yes,Asbury Sutton
1492,Blount,William,,NC,Pitt County,yes,William Blount
1493,Allen,Shadrick,,NC,Pitt County,yes,Shadrick Allen
1494,Armstrong,James,,NC,Pitt County,yes,James Armstrong
1495,Simpson,Samuel,,NC,Pitt County,yes,Samuel Simpson
1496,Bell,Benjamin,,NC,Pitt County,yes,Benjamin Bell
1497,Berger,George H.,,NC,Rowan County,no,George H. Berger
1498,Gaither,Bazel,,NC,Rowan County,yes,Bazel Gaither
1499,Stokes,John,,NC,Rowan County,yes,John Stokes
1500,Chambers,Maxwell,,NC,Rowan County,yes,Maxwell Chambers
1501,Lock,Matthew,,NC,Rowan County,no,Matthew Lock
1502,Wood,Zebedee,,NC,Randolph County,no,Zebedee Wood
1503,Wood,Reuben,,NC,Randolph County,yes,Reuben Wood
1504,Stedman,Nathan,,NC,Randolph County,yes,Nathan Stedman
1505,Bailey ,William,,NC,Randolph County,yes,William Bailey 
1506,Williams,Edward,,NC,Richmond County,yes,Edward Williams
1507,Watson,Alexander,,NC,Richmond County,no,Alexander Watson
1508,Robinson,William,,NC,Richmond County,no,William Robinson
1509,M'Farland,Duncan,,NC,Richmond County,no,Duncan M'Farland
1510,Harragan,Darby,,NC,Richmond County,no,Darby Harragan
1511,Porter,William,,NC,Rutherford County,yes,William Porter
1512,Holland,James,,NC,Rutherford County,yes,James Holland
1513,Lewis,Richard,,NC,Rutherford County,yes,Richard Lewis
1514,Johnson,William,,NC,Rutherford County,yes,William Johnson
1515,Bethell,William,,NC,Rockingham County,no,William Bethell
1516,Gallaway,James,,NC,Rockingham County,no,James Gallaway
1517,Clarke,Isaac,,NC,Rockingham County,no,Isaac Clarke
1518,Phillips,Abram,,NC,Rockingham County,no,Abram Phillips
1519,Dabney,John,,NC,Rockingham County,no,John Dabney
1520,Willis,John,,NC,Robeson County,yes,John Willis
1521,Barnes,Elias,,NC,Robeson County,yes,Elias Barnes
1522,Brown,Neill,,NC,Robeson County,yes,Neill Brown
1523,Cade,John,,NC,Robeson County,yes,John Cade
1524,Sion,Alford,,NC,Robeson County,yes,Alford Sion
1525,Winston,Joseph,,NC,Surry County,yes,Joseph Winston
1526,Edwards,Gideon,,NC,Surry County,no,Gideon Edwards
1527,Bostwick,Absalom,,NC,Surry County,no,Absalom Bostwick
1528,Lovell,Edward,,NC,Surry County,yes,Edward Lovell
1529,Houser,George,,NC,Surry County,yes,George Houser
1530,Rhea,John,,NC,Sullivan County,yes,John Rhea
1531,Nash,William,,NC,Sullivan County,no,William Nash
1532,Scott,John,,NC,Sullivan County,no,John Scott
1533,Martin,Joseph,,NC,Sullivan County,yes,Joseph Martin
1534,Clinton,Richard,,NC,Sampson County,no,Richard Clinton
1535,Spiller,James,,NC,Sampson County,yes,James Spiller
1536,Thompson,James,,NC,Sampson County,no,James Thompson
1537,Holmes,Hardy,,NC,Sampson County,no,Hardy Holmes
1538,King,William,,NC,Sampson County,no,William King
1539,Smith,Daniel,,NC,Sumner County,yes,Daniel Smith
1540,Wilson,David,,NC,Sumner County,yes,David Wilson
1541,Mason,Samuel,,NC,Sumner County,yes,Samuel Mason
1542,Douglass,Edward,,NC,Sumner County,yes,Edward Douglass
1543,Overton,John,,NC,Sumner County,yes,John Overton
1544,Montgomery,John,,NC,Tennessee County,yes,John Montgomery
1545,Drew,John,,NC,Tennessee County,yes,John Drew
1546,Johnston,Thomas,,NC,Tennessee County,yes,Thomas Johnston
1547,Blount,William,,NC,Tennessee County,yes,William Blount
1548,Menees,Benjamin,,NC,Tennessee County,yes,Benjamin Menees
1549,Stewart,Thomas,,NC,Tyrrell County,yes,Thomas Stewart
1550,Williamson,Hugh,,NC,Tyrrell County,yes,Hugh Williamson
1551,Frazier,Jeremiah,,NC,Tyrrell County,yes,Jeremiah Frazier
1552,Spruill,Simeon,,NC,Tyrrell County,yes,Simeon Spruill
1553,Chesson,Samuel,,NC,Tyrrell County,yes,Samuel Chesson
1554,Carter,Landon,,NC,Washington County,yes,Landon Carter
1555,Love,Robert,,NC,Washington County,yes,Robert Love
1556,Blair,John,,NC,Washington County,yes,John Blair
1557,Houston,William,,NC,Washington County,yes,William Houston
1558,Green,Andrew,,NC,Washington County,yes,Andrew Green
1559,Hawkins,Benjamin,,NC,Warren County,yes,Benjamin Hawkins
1560,Hawkins,Philemon,,NC,Warren County,yes,Philemon Hawkins
1561,Green,Solomon,,NC,Warren County,yes,Solomon Green
1562,Hawkins,Wyatt,,NC,Warren County,no,Wyatt Hawkins
1563,Christmass,Thomas,,NC,Warren County,no,Thomas Christmass
1564,McKinnie,Richard,,NC,Wayne County,yes,Richard McKinnie
1565,Mooring,Burwell,,NC,Wayne County,no,Burwell Mooring
1566,Cogdell,David,,NC,Wayne County,no,David Cogdell
1567,Jernigan,Josiah,,NC,Wayne County,yes,Josiah Jernigan
1568,Handley,James,,NC,Wayne County,yes,James Handley
1569,Lane,Joel,,NC,Wake County,yes,Joel Lane
1570,Hines,Thomas,,NC,Wake County,yes,Thomas Hines
1571,Lane,Henry,,NC,Wake County,yes,Henry Lane
1572,Sanders,Brittain,,NC,Wake County,no,Brittain Sanders
1573,Hayes,William,,NC,Wake County,yes,William Hayes
1574,Brown,John,,NC,Wilkes County,no,John Brown
1575,Lenoir,William,,NC,Wilkes County,no,William Lenoir
1576,Herndon,Joseph,,NC,Wilkes County,no,Joseph Herndon
1577,Jones,Benjamin,,NC,Wilkes County,no,Benjamin Jones
1578,Nall,William,,NC,Wilkes County,no,William Nall
1579,Steele,John,,NC,Town of Salisbury,yes,John Steele
1580,Mare,John,,NC,Town of Edenton,yes,John Mare
1581,Benton,Samuel,,NC,Town of Hillsboro,yes,Samuel Benton
1582,Guion,Isaac,,NC,Town of Newbern,yes,Isaac Guion
1583,Davie,William Richardson,,NC,Town of Halifax,yes,William Richardson Davie
1584,Hill,William N.,,NC,Town of Wilmington,yes,William N. Hill
1585,Langdon,John,,NH,Portsmouth,yes,John Langdon
1586,Gray,James,,NH,"Northwood, Epsom and Allenstown",yes,James Gray
1587,Hall,Aaron,,NH,Keene,yes,Aaron Hall
1588,Pickering,John,,NH,Portsmouth,yes,John Pickering
1589,Glidden,Charles,,NH,Northfield,yes,Charles Glidden
1590,Whitcomb,Elisha,,NH,Swanzey,yes,Elisha Whitcomb
1591,Long,Pierse,,NH,Portsmouth,yes,Pierse Long
1592,Calfe,John,,NH,Hampstead,yes,John Calfe
1593,Chamberlain,Moses,,NH,Winchester,yes,Moses Chamberlain
1594,Gilman,John Taylor,,NH,Exeter,yes,John Taylor Gilman
1595,Bettan,James,,NH,Windham,yes,James Bettan
1596,Temple,Archelaus,,NH,Westmoreland,yes,Archelaus Temple
1597,Blanchard,Joseph,,NH,Chester,yes,Joseph Blanchard
1598,Moody,Amos,,NH,Pelham,yes,Amos Moody
1599,Bellows,Benjamin,,NH,Walpole,yes,Benjamin Bellows
1600,Adams,Benjamin,,NH,Newington,yes,Benjamin Adams
1601,Green,Ezra,,NH,Dover,yes,Ezra Green
1602,Chase,Jonathan,,NH,Cornish and Grantham,yes,Jonathan Chase
1603,Weeks,Icabod,,NH,Greenland,yes,Icabod Weeks
1604,Sullivan,John,,NH,Durham,yes,John Sullivan
1605,Griffin,Samuel,,NH,Dublin and Packerfield,yes,Samuel Griffin
1606,Goss,Nathan,,NH,Rye,yes,Nathan Goss
1607,Carr,Moses,,NH,Somersworth,yes,Moses Carr
1608,Kimball,Joseph,,NH,Plainfield,yes,Joseph Kimball
1609,Prescutt,Henry,,NH,New Castle,yes,Henry Prescutt
1610,Hale,Samuel,,NH,Barrington,yes,Samuel Hale
1611,Livermore,Samuel,,NH,"Campton, Holderness and Thorton",yes,Samuel Livermore
1612,Thurston,Benjamin,,NH,North Hampton,yes,Benjamin Thurston
1613,Bedee,Daniel,,NH,Sandwich and Tamworth,yes,Daniel Bedee
1614,Worster,Francis,,NH,"Plymouth, Rumney and Wentworth",yes,Francis Worster
1615,Shannon,Nathaniel,,NH,"Moultonborough, Tuftonborough, Wolfeborough and Ossipee",yes,Nathaniel Shannon
1616,Crawford,Thomas,,NH,"New Chester, Alexandria and Cockermouth",yes,Thomas Crawford
1617,Toppan,Christopher,,NH,Hampton,yes,Christopher Toppan
1618,Chesley,Jonathan,,NH,"Barnstead, New Durham and N.D. Gore",yes,Jonathan Chesley
1619,Johnson,Jesse,,NH,"Enfield, Canaan, Cardigan, Dorchester and Grafton",yes,Jesse Johnson
1620,Langdon,Samuel,,NH,Hampton Falls and Seabrook,yes,Samuel Langdon
1621,Hall,John,,NH,Derryfield,yes,John Hall
1622,Freeman,Jonathan,,NH,Hanover,yes,Jonathan Freeman
1623,Wiggin,Jonathan,,NH,Stratham,yes,Jonathan Wiggin
1624,Dakin,Amos,,NH,Raby and Mason,yes,Amos Dakin
1625,Payne,Elisha,,NH,Lebenon,yes,Elisha Payne
1626,Fogg,Jeremiah,,NH,Kensington,yes,Jeremiah Fogg
1627,Abbott,William,,NH,Wilton,yes,William Abbott
1628,Simpson,William,,NH,Lyme and Orford,yes,William Simpson
1629,Bartlett,Josiah,,NH,Kingston,yes,Josiah Bartlett
1630,Wilkins,Robert B.,,NH,Henniker and Hillsborough,yes,Robert B. Wilkins
1631,Patterson,Isaac,,NH,Lincoln and Franconia,yes,Isaac Patterson
1632,Ranney,Thomas Stow,,NH,Brentwood,yes,Thomas Stow Ranney
1633,Morss,Joshua,,NH,Hopkinton,yes,Joshua Morss
1634,Young,Samuel,,NH,"Bath, Lyman, Landaff, Littleton and Dalton",yes,Samuel Young
1635,Rogers,Nathaniel,,NH,Newmarket,yes,Nathaniel Rogers
1636,Gerrish,Joseph,,NH,Boscawen,yes,Joseph Gerrish
1637,Weeks,John,,NH,"Lancaster, Northumberland, Stratford, Dartmouth, Piercy, Cockburn and Coleman.",yes,John Weeks
1638,Bartlett,Thomas,,NH,Nottingham,yes,Thomas Bartlett
1639,West,Benjamin,,NH,Charlestown,yes,Benjamin West
1640,Chadwick,Edmund,,NH,Deerfield,yes,Edmund Chadwick
1641,Shepherd,Oliver,,NH,Alstead,yes,Oliver Shepherd
1642,Runnels,Daniel,,NH,Londonberry,no,Daniel Runnels
1643,Clough,Jeremiah,,NH,Canterbury,no,Jeremiah Clough
1644,Chase,Thomas,,NH,Raymond and Poplin,no,Thomas Chase
1645,McMurphy,Archibald,,NH,Londonberry,no,Archibald McMurphy
1646,Smith,Jonathan,,NH,Loudon,no,Jonathan Smith
1647,Sleeper,Nehemiah,,NH,Hawke and Sandown,no,Nehemiah Sleeper
1648,Clough,Benjamin,,NH,South Hampton and East Kingston,no,Benjamin Clough
1649,Emery,Benjamin,,NH,Concord,no,Benjamin Emery
1650,Stone,Benjamin,,NH,Atkinson and Plaistow,no,Benjamin Stone
1651,Sias,Benjamin,,NH,Chichester and Pittsfield,no,Benjamin Sias
1652,Fifield,Stephen,,NH,Candia,no,Stephen Fifield
1653,Dow,Thomas,,NH,Salem,no,Thomas Dow
1654,Steward,Robert,,NH,Newton,no,Robert Steward
1655,Page,David,,NH,"Conway, Eaton, Burton, and Locations",no,David Page
1656,Parker,Abel,,NH,Jaffrey,no,Abel Parker
1657,Palmer,Barnabas,,NH,Rochester,no,Barnabas Palmer
1658,Kindrick,Daniel,,NH,Hollis,no,Daniel Kindrick
1659,Harvey,Solomon,,NH,Chesterfield,no,Solomon Harvey
1660,Harper,William,,NH,Sanbornton,no,William Harper
1661,Atherton,Joshua,,NH,Amherst,no,Joshua Atherton
1662,Thomas,Othniel,,NH,Rindge,no,Othniel Thomas
1663,Badger,Joseph,,NH,Gilmanton,no,Joseph Badger
1664,Barrett,Charles,,NH,New Ipswich,no,Charles Barrett
1665,Stone,Matthias,,NH,Claremont,no,Matthias Stone
1666,Hooper,William,,NH,Madbury,no,William Hooper
1667,Bixby,Daniel,,NH,Litchfield,no,Daniel Bixby
1668,Remmele,John,,NH,Newport and Croydon,no,John Remmele
1669,Austin,Nicholas,,NH,"Wakefield, Middleton and Effingham",no,Nicholas Austin
1670,Jones,Benjamin,,NH,Lyndeborough,no,Benjamin Jones
1671,Grout,Daniel,,NH,"Acworth, Lempster and Marlow",no,Daniel Grout
1672,Page,William,,NH,Goffstown,no,William Page
1673,Cragin,John,,NH,Temple and Peterborough Slip,no,John Cragin
1674,True,Moses,,NH,Wendall and Unity,no,Moses True
1675,Cummings,Ebenezer,,NH,Nottingham West,no,Ebenezer Cummings
1676,Cochran,John,,NH,New Boston,no,John Cochran
1677,Penniman,Thomas,,NH,Stoddard and Washington,no,Thomas Penniman
1678,Bixby,Thomas,,NH,Francestown,no,Thomas Bixby
1679,Dow,Jonathan,,NH,Weare,no,Jonathan Dow
1680,Tainter,Jedediah,,NH,Marlborough,no,Jedediah Tainter
1681,Hunt,William,,NH,Dunstable,no,William Hunt
1682,Green,Jacob,,NH,Dunbarton and Bow,no,Jacob Green
1683,Winch,Caleb,,NH,Fitzwilliam,no,Caleb Winch
1684,Taylor,Timothy,,NH,Merrimack,no,Timothy Taylor
1685,Bean,Nathaniel,,NH,"Fishersfield, Sutton and Warner",no,Nathaniel Bean
1686,Hutchins,Joseph,,NH,"Haverhill, Piermon, Warren and Coventry",no,Joseph Hutchins
1687,Dole,Stephen,,NH,Bedford,no,Stephen Dole
1688,Gaskill,Jonathan,,NH,Richmond,no,Jonathan Gaskill
1689,Hill,Reuben,,NH,Lee,did not vote,Reuben Hill
1690,Ladd,Nathaniel,,NH,Epping,did not vote,Nathaniel Ladd
1691,Dow,Evan,,NH,"Hancock, Antrim and Deering",did not vote,Evan Dow
1692,Evans,Uriel,,NH,Hinsdale,did not vote,Uriel Evans
1693,Smith,Ebenezer,,NH,Meredith and New Hampton,did not vote,Ebenezer Smith
1694,Smith,Jonathan,,NH,Surry and Gilsum,did not vote,Jonathan Smith
1695,Webster,Ebenezer,,NH,Salisbury,did not vote,Ebenezer Webster
